smiles,HTE_lnk
CC(N)(C)C.ClC(c1ccc(F)cc1)=O,2.717622709509551
Nc1ccc(F)cc1.ClC(c1ccc(F)cc1)=O,1.2921142450701282
COc1ccc(N)cc1.ClC(c1ccc(F)cc1)=O,2.628538444878437
Nc1ccccc1.ClC(c1ccc(F)cc1)=O,1.2522770746338756
Nc1c(C)cc(C)cc1C.ClC(c1ccc(F)cc1)=O,1.2044252573753107
CCCCCCCc1ccc(N)cc1.ClC(c1ccc(F)cc1)=O,1.817767004871492
CC(C)c1cccc(C(C)C)c1N.ClC(c1ccc(F)cc1)=O,1.101843606124731
C1CCC(CC1)NC2CCCCC2.ClC(c1ccc(F)cc1)=O,1.218509956186261
CCCCCCc1ccc(N)cc1.ClC(c1ccc(F)cc1)=O,1.8264746417233315
CSc1ccccc1N.ClC(c1ccc(F)cc1)=O,1.0805253653347806
Nc1ccccc1c2ccccc2.ClC(c1ccc(F)cc1)=O,1.2657553869643257
CC(C)(C)c1ccc(N)cc1.ClC(c1ccc(F)cc1)=O,1.7998545537141892
CC(C)NC(C)C.ClC(c1ccc(F)cc1)=O,1.0636259425726358
Nc1ccc(Br)cc1.ClC(c1ccc(F)cc1)=O,1.0274836417663409
CC1CCCCN1.ClC(c1ccc(F)cc1)=O,3.133538908370217
Nc1cccc2cccnc12.ClC(c1ccc(F)cc1)=O,1.164851649748408
CC(=O)c1cccc(N)c1.ClC(c1ccc(F)cc1)=O,1.0671851709751985
C1COCCN1.ClC(c1ccc(F)cc1)=O,3.0280287237359604
COc1ccc(cc1N)C(F)(F)F.ClC(c1ccc(F)cc1)=O,1.0022709318594545
COCCOc1ccccc1N.ClC(c1ccc(F)cc1)=O,1.6464938424872213
CCC(N)CC.ClC(c1ccc(F)cc1)=O,2.9311187105752223
CC1CCCC(C)N1.ClC(c1ccc(F)cc1)=O,1.0520852178173188
Nc1ccc(C=C)cc1.ClC(c1ccc(F)cc1)=O,1.1363672707534085
Cc1ccc(N)cc1.ClC(c1ccc(F)cc1)=O,1.8131672493419149
Cc1cccc(N)c1.ClC(c1ccc(F)cc1)=O,1.470832636830519
CC(C)NC1CCCCC1.ClC(c1ccc(F)cc1)=O,0.8980635012860668
COc1ccccc1N.ClC(c1ccc(F)cc1)=O,1.586274097840673
NC(c1ccccc1)(c2ccccc2)c3ccccc3.ClC(c1ccc(F)cc1)=O,0.8485011653828017
Cc1cccc(C)c1N.ClC(c1ccc(F)cc1)=O,0.7846502738000665
CC1CN(C(OC(C)(C)C)=O)CC(C)N1.ClC(c1ccc(F)cc1)=O,1.2235683631981462
N#CCCNc1ccccc1.ClC(c1ccc(F)cc1)=O,0.8143340044767117
Nc1ccccc1F.ClC(c1ccc(F)cc1)=O,0.8800889326194261
COc1cccc(N)c1.ClC(c1ccc(F)cc1)=O,1.1628270355336134
Nc1ccc(cc1)C(=O)c2ccccc2.ClC(c1ccc(F)cc1)=O,0.9770964596724828
FC1=CC=C(OC2=CC=C(N)C=C2)C=C1.ClC(c1ccc(F)cc1)=O,1.3386945307066749
ClC(C=C1)=CC=C1C(N2CCNCC2)C3=CC=CC=C3.ClC(c1ccc(F)cc1)=O,3.533136288278639
NC1=CC=C(N2CCOCC2)C=C1.ClC(c1ccc(F)cc1)=O,2.8750612633917
NC1=CC(C2=CC=CC=C2)=CC=C1.ClC(c1ccc(F)cc1)=O,0.8656960599160706
NC1=C(OC2=CC=CC=C2)C=CC=C1.ClC(c1ccc(F)cc1)=O,0.6127838567197355
NC1=CC=CC(C#C)=C1.ClC(c1ccc(F)cc1)=O,0.7824726241662862
NC1=CC(CCC2)=C2C=C1.ClC(c1ccc(F)cc1)=O,2.386141216421718
NC1=CC2=C(OCCO2)C=C1.ClC(c1ccc(F)cc1)=O,2.3025700928301824
ClC1=CC(OC)=C(N)C=C1OC.ClC(c1ccc(F)cc1)=O,0.9724342769573652
NC1=CC2=C(C=C1)C3=CC=CC=C3C2.ClC(c1ccc(F)cc1)=O,1.5982267615389816
NC1=CC=C(OC2=CC=CC=C2)C=C1.ClC(c1ccc(F)cc1)=O,1.587464009066074
NC1=C(N2CCOCC2)C=CC=C1.ClC(c1ccc(F)cc1)=O,1.3908291687001455
CC(N)(C)C.ClC(=O)c1ccccc1,0.6927488447744945
Nc1ccc(F)cc1.ClC(=O)c1ccccc1,1.312588285611738
COc1ccc(N)cc1.ClC(=O)c1ccccc1,2.463757293148109
Nc1ccccc1.ClC(=O)c1ccccc1,1.2035382082960937
Nc1c(C)cc(C)cc1C.ClC(=O)c1ccccc1,1.2339887782299857
CCCCCCCc1ccc(N)cc1.ClC(=O)c1ccccc1,1.7055273278311809
CC(C)c1cccc(C(C)C)c1N.ClC(=O)c1ccccc1,0.9425613296694012
C1CCC(CC1)NC2CCCCC2.ClC(=O)c1ccccc1,1.0691919817071538
CCCCCCc1ccc(N)cc1.ClC(=O)c1ccccc1,1.7192432632314305
CSc1ccccc1N.ClC(=O)c1ccccc1,0.9309632204514596
Nc1ccccc1c2ccccc2.ClC(=O)c1ccccc1,0.9334531500496516
CC(C)(C)c1ccc(N)cc1.ClC(=O)c1ccccc1,1.683942475593247
CC(C)NC(C)C.ClC(=O)c1ccccc1,1.0452766085283072
Nc1ccc(Br)cc1.ClC(=O)c1ccccc1,0.9628936387897244
CC1CCCCN1.ClC(=O)c1ccccc1,3.2321487063409915
Nc1cccc2cccnc12.ClC(=O)c1ccccc1,1.1067616624742025
CC(=O)c1cccc(N)c1.ClC(=O)c1ccccc1,1.0344337536187769
COc1ccc(cc1N)C(F)(F)F.ClC(=O)c1ccccc1,1.0243384337450268
COCCOc1ccccc1N.ClC(=O)c1ccccc1,1.495049651469867
CCC(N)CC.ClC(=O)c1ccccc1,2.8641719209446093
CC1CCCC(C)N1.ClC(=O)c1ccccc1,1.074694092747203
Nc1ccc(C=C)cc1.ClC(=O)c1ccccc1,1.1463435786811749
Cc1ccc(N)cc1.ClC(=O)c1ccccc1,1.806179973983887
Cc1cccc(N)c1.ClC(=O)c1ccccc1,1.4043925984520431
CC(C)NC1CCCCC1.ClC(=O)c1ccccc1,1.117140666422203
COc1ccccc1N.ClC(=O)c1ccccc1,1.387498121785386
NC(c1ccccc1)(c2ccccc2)c3ccccc3.ClC(=O)c1ccccc1,0.9511730740743746
Cc1cccc(C)c1N.ClC(=O)c1ccccc1,0.9076628249271964
CC1CN(C(OC(C)(C)C)=O)CC(C)N1.ClC(=O)c1ccccc1,0.9086139136323076
N#CCCNc1ccccc1.ClC(=O)c1ccccc1,0.8552381526285389
Nc1ccccc1F.ClC(=O)c1ccccc1,0.8923706502854135
COc1cccc(N)c1.ClC(=O)c1ccccc1,1.0561405737264316
Nc1ccc(cc1)C(=O)c2ccccc2.ClC(=O)c1ccccc1,0.9083784165263512
FC1=CC=C(OC2=CC=C(N)C=C2)C=C1.ClC(=O)c1ccccc1,1.4613842639416232
CC(N)(C)C.CC(C)(C)c1ccc(cc1)C(Cl)=O,0.3023297522340448
Nc1ccc(F)cc1.CC(C)(C)c1ccc(cc1)C(Cl)=O,0.9030638025340028
COc1ccc(N)cc1.CC(C)(C)c1ccc(cc1)C(Cl)=O,1.951393691202855
Nc1ccccc1.CC(C)(C)c1ccc(cc1)C(Cl)=O,0.9088330797392212
Nc1c(C)cc(C)cc1C.CC(C)(C)c1ccc(cc1)C(Cl)=O,0.9438394076863004
CCCCCCCc1ccc(N)cc1.CC(C)(C)c1ccc(cc1)C(Cl)=O,1.4285596292072016
CC(C)c1cccc(C(C)C)c1N.CC(C)(C)c1ccc(cc1)C(Cl)=O,0.5795847812746173
C1CCC(CC1)NC2CCCCC2.CC(C)(C)c1ccc(cc1)C(Cl)=O,0.6102765408469427
CCCCCCc1ccc(N)cc1.CC(C)(C)c1ccc(cc1)C(Cl)=O,1.4475084101275153
CSc1ccccc1N.CC(C)(C)c1ccc(cc1)C(Cl)=O,0.6125723326154966
Nc1ccccc1c2ccccc2.CC(C)(C)c1ccc(cc1)C(Cl)=O,0.557038367205222
CC(C)(C)c1ccc(N)cc1.CC(C)(C)c1ccc(cc1)C(Cl)=O,1.3515614858133842
CC(C)NC(C)C.CC(C)(C)c1ccc(cc1)C(Cl)=O,0.6214944173631874
Nc1ccc(Br)cc1.CC(C)(C)c1ccc(cc1)C(Cl)=O,0.4794934918675541
CC1CCCCN1.CC(C)(C)c1ccc(cc1)C(Cl)=O,2.9618300728133757
Nc1cccc2cccnc12.CC(C)(C)c1ccc(cc1)C(Cl)=O,0.7334540909561262
CC(=O)c1cccc(N)c1.CC(C)(C)c1ccc(cc1)C(Cl)=O,0.5344674105530216
COc1ccc(cc1N)C(F)(F)F.CC(C)(C)c1ccc(cc1)C(Cl)=O,0.471426243159992
COCCOc1ccccc1N.CC(C)(C)c1ccc(cc1)C(Cl)=O,1.1665875050799814
CCC(N)CC.CC(C)(C)c1ccc(cc1)C(Cl)=O,2.047058858308353
CC1CCCC(C)N1.CC(C)(C)c1ccc(cc1)C(Cl)=O,0.593689997223698
Nc1ccc(C=C)cc1.CC(C)(C)c1ccc(cc1)C(Cl)=O,0.6774400883591186
Cc1ccc(N)cc1.CC(C)(C)c1ccc(cc1)C(Cl)=O,1.3250902125991089
Cc1cccc(N)c1.CC(C)(C)c1ccc(cc1)C(Cl)=O,1.0572081587616609
CC(C)NC1CCCCC1.CC(C)(C)c1ccc(cc1)C(Cl)=O,0.7401793267991856
COc1ccccc1N.CC(C)(C)c1ccc(cc1)C(Cl)=O,1.0194366387904377
NC(c1ccccc1)(c2ccccc2)c3ccccc3.CC(C)(C)c1ccc(cc1)C(Cl)=O,0.6840178172604846
Cc1cccc(C)c1N.CC(C)(C)c1ccc(cc1)C(Cl)=O,0.6903005964605246
CC1CN(C(OC(C)(C)C)=O)CC(C)N1.CC(C)(C)c1ccc(cc1)C(Cl)=O,0.6857171468092812
N#CCCNc1ccccc1.CC(C)(C)c1ccc(cc1)C(Cl)=O,0.5487860985303848
Nc1ccccc1F.CC(C)(C)c1ccc(cc1)C(Cl)=O,0.6345308142610844
COc1cccc(N)c1.CC(C)(C)c1ccc(cc1)C(Cl)=O,0.7966380666602614
Nc1ccc(cc1)C(=O)c2ccccc2.CC(C)(C)c1ccc(cc1)C(Cl)=O,0.7718229539634089
FC1=CC=C(OC2=CC=C(N)C=C2)C=C1.CC(C)(C)c1ccc(cc1)C(Cl)=O,1.1448950451451592
CC(N)(C)C.Fc1ccc(c(F)c1)C(Cl)=O,1.4878557231228893
Nc1ccc(F)cc1.Fc1ccc(c(F)c1)C(Cl)=O,2.509494237018178
COc1ccc(N)cc1.Fc1ccc(c(F)c1)C(Cl)=O,3.1652019166679666
Nc1ccccc1.Fc1ccc(c(F)c1)C(Cl)=O,2.6399324657099825
Nc1c(C)cc(C)cc1C.Fc1ccc(c(F)c1)C(Cl)=O,2.1656023725880345
CCCCCCCc1ccc(N)cc1.Fc1ccc(c(F)c1)C(Cl)=O,2.746594283961722
CC(C)c1cccc(C(C)C)c1N.Fc1ccc(c(F)c1)C(Cl)=O,1.6484743257625258
C1CCC(CC1)NC2CCCCC2.Fc1ccc(c(F)c1)C(Cl)=O,1.9558139377153672
CCCCCCc1ccc(N)cc1.Fc1ccc(c(F)c1)C(Cl)=O,2.861562615965892
CSc1ccccc1N.Fc1ccc(c(F)c1)C(Cl)=O,1.6829226545271925
Nc1ccccc1c2ccccc2.Fc1ccc(c(F)c1)C(Cl)=O,2.0392841861988047
CC(C)(C)c1ccc(N)cc1.Fc1ccc(c(F)c1)C(Cl)=O,2.789276873880332
CC(C)NC(C)C.Fc1ccc(c(F)c1)C(Cl)=O,1.977088178356645
Nc1ccc(Br)cc1.Fc1ccc(c(F)c1)C(Cl)=O,1.9463730168245883
Nc1cccc2cccnc12.Fc1ccc(c(F)c1)C(Cl)=O,2.160640733603925
CC(=O)c1cccc(N)c1.Fc1ccc(c(F)c1)C(Cl)=O,1.943447898074553
COc1ccc(cc1N)C(F)(F)F.Fc1ccc(c(F)c1)C(Cl)=O,1.8146600728698188
COCCOc1ccccc1N.Fc1ccc(c(F)c1)C(Cl)=O,2.574983037305581
CCC(N)CC.Fc1ccc(c(F)c1)C(Cl)=O,3.010299956639812
CC1CCCC(C)N1.Fc1ccc(c(F)c1)C(Cl)=O,1.950792524970879
Nc1ccc(C=C)cc1.Fc1ccc(c(F)c1)C(Cl)=O,2.1711444124710546
Cc1ccc(N)cc1.Fc1ccc(c(F)c1)C(Cl)=O,3.010299956639812
Cc1cccc(N)c1.Fc1ccc(c(F)c1)C(Cl)=O,2.6938827177131124
CC(C)NC1CCCCC1.Fc1ccc(c(F)c1)C(Cl)=O,2.0262176690550358
COc1ccccc1N.Fc1ccc(c(F)c1)C(Cl)=O,2.5265080260426718
NC(c1ccccc1)(c2ccccc2)c3ccccc3.Fc1ccc(c(F)c1)C(Cl)=O,1.8627753291183355
Cc1cccc(C)c1N.Fc1ccc(c(F)c1)C(Cl)=O,1.9946413831451872
CC1CN(C(OC(C)(C)C)=O)CC(C)N1.Fc1ccc(c(F)c1)C(Cl)=O,2.2769825640923824
N#CCCNc1ccccc1.Fc1ccc(c(F)c1)C(Cl)=O,1.9612065655905784
Nc1ccccc1F.Fc1ccc(c(F)c1)C(Cl)=O,1.8651442560450189
COc1cccc(N)c1.Fc1ccc(c(F)c1)C(Cl)=O,2.415679611373922
Nc1ccc(cc1)C(=O)c2ccccc2.Fc1ccc(c(F)c1)C(Cl)=O,1.861400236569292
FC1=CC=C(OC2=CC=C(N)C=C2)C=C1.Fc1ccc(c(F)c1)C(Cl)=O,2.689977607578294
CC(N)(C)C.FC(F)(F)c1ccc(cc1)C(Cl)=O,1.619498109532127
Nc1ccc(F)cc1.FC(F)(F)c1ccc(cc1)C(Cl)=O,2.2363046660079378
Nc1ccccc1.FC(F)(F)c1ccc(cc1)C(Cl)=O,1.8153604221386264
Nc1c(C)cc(C)cc1C.FC(F)(F)c1ccc(cc1)C(Cl)=O,1.660051938264934
CCCCCCCc1ccc(N)cc1.FC(F)(F)c1ccc(cc1)C(Cl)=O,2.2852797946208634
CC(C)c1cccc(C(C)C)c1N.FC(F)(F)c1ccc(cc1)C(Cl)=O,1.6084596239109674
C1CCC(CC1)NC2CCCCC2.FC(F)(F)c1ccc(cc1)C(Cl)=O,1.9149387071586668
CCCCCCc1ccc(N)cc1.FC(F)(F)c1ccc(cc1)C(Cl)=O,2.4520653658648475
CSc1ccccc1N.FC(F)(F)c1ccc(cc1)C(Cl)=O,1.6421905826041154
Nc1ccccc1c2ccccc2.FC(F)(F)c1ccc(cc1)C(Cl)=O,1.7962716853413858
CC(C)(C)c1ccc(N)cc1.FC(F)(F)c1ccc(cc1)C(Cl)=O,2.6616464844388865
CC(C)NC(C)C.FC(F)(F)c1ccc(cc1)C(Cl)=O,2.01005807718128
Nc1ccc(Br)cc1.FC(F)(F)c1ccc(cc1)C(Cl)=O,1.80932199361308
Nc1cccc2cccnc12.FC(F)(F)c1ccc(cc1)C(Cl)=O,1.9717961875899184
CC(=O)c1cccc(N)c1.FC(F)(F)c1ccc(cc1)C(Cl)=O,1.8498403404978057
COc1ccc(cc1N)C(F)(F)F.FC(F)(F)c1ccc(cc1)C(Cl)=O,1.8198094960806444
COCCOc1ccccc1N.FC(F)(F)c1ccc(cc1)C(Cl)=O,2.5587771199465505
CC1CCCC(C)N1.FC(F)(F)c1ccc(cc1)C(Cl)=O,2.05020011920372
Nc1ccc(C=C)cc1.FC(F)(F)c1ccc(cc1)C(Cl)=O,1.9170465141590325
Cc1ccc(N)cc1.FC(F)(F)c1ccc(cc1)C(Cl)=O,2.989110657552909
Cc1cccc(N)c1.FC(F)(F)c1ccc(cc1)C(Cl)=O,2.5989404267967333
CC(C)NC1CCCCC1.FC(F)(F)c1ccc(cc1)C(Cl)=O,2.3232680404466337
COc1ccccc1N.FC(F)(F)c1ccc(cc1)C(Cl)=O,2.743680731780552
NC(c1ccccc1)(c2ccccc2)c3ccccc3.FC(F)(F)c1ccc(cc1)C(Cl)=O,2.2848414351859865
Cc1cccc(C)c1N.FC(F)(F)c1ccc(cc1)C(Cl)=O,2.354438367799905
CC1CN(C(OC(C)(C)C)=O)CC(C)N1.FC(F)(F)c1ccc(cc1)C(Cl)=O,2.5383644107322194
N#CCCNc1ccccc1.FC(F)(F)c1ccc(cc1)C(Cl)=O,2.3061953142468594
Nc1ccccc1F.FC(F)(F)c1ccc(cc1)C(Cl)=O,2.2670475092258333
COc1cccc(N)c1.FC(F)(F)c1ccc(cc1)C(Cl)=O,2.3116211970917626
Nc1ccc(cc1)C(=O)c2ccccc2.FC(F)(F)c1ccc(cc1)C(Cl)=O,2.256386366878349
FC1=CC=C(OC2=CC=C(N)C=C2)C=C1.FC(F)(F)c1ccc(cc1)C(Cl)=O,2.1018519162644163
CC(N)(C)C.ClC(=O)c1ccc(cc1)c2ccccc2,0.7523623256652712
Nc1ccc(F)cc1.ClC(=O)c1ccc(cc1)c2ccccc2,1.131993294689315
COc1ccc(N)cc1.ClC(=O)c1ccc(cc1)c2ccccc2,2.3264736253509346
Nc1ccccc1.ClC(=O)c1ccc(cc1)c2ccccc2,1.1259522597373337
Nc1c(C)cc(C)cc1C.ClC(=O)c1ccc(cc1)c2ccccc2,1.0633381447980197
CCCCCCCc1ccc(N)cc1.ClC(=O)c1ccc(cc1)c2ccccc2,1.7080406315219503
CC(C)c1cccc(C(C)C)c1N.ClC(=O)c1ccc(cc1)c2ccccc2,0.8346334028526263
C1CCC(CC1)NC2CCCCC2.ClC(=O)c1ccc(cc1)c2ccccc2,0.9424102911050448
CCCCCCc1ccc(N)cc1.ClC(=O)c1ccc(cc1)c2ccccc2,1.707863717507739
CSc1ccccc1N.ClC(=O)c1ccc(cc1)c2ccccc2,0.7080083477560194
Nc1ccccc1c2ccccc2.ClC(=O)c1ccc(cc1)c2ccccc2,0.8482845735443323
CC(C)(C)c1ccc(N)cc1.ClC(=O)c1ccc(cc1)c2ccccc2,1.463769095008156
CC(C)NC(C)C.ClC(=O)c1ccc(cc1)c2ccccc2,0.8000045857884172
Nc1ccc(Br)cc1.ClC(=O)c1ccc(cc1)c2ccccc2,0.7911525391032195
Nc1cccc2cccnc12.ClC(=O)c1ccc(cc1)c2ccccc2,0.904741971807668
CC(=O)c1cccc(N)c1.ClC(=O)c1ccc(cc1)c2ccccc2,0.8503201862681276
COc1ccc(cc1N)C(F)(F)F.ClC(=O)c1ccc(cc1)c2ccccc2,0.91671677572327
COCCOc1ccccc1N.ClC(=O)c1ccc(cc1)c2ccccc2,1.388192582868046
CC1CCCC(C)N1.ClC(=O)c1ccc(cc1)c2ccccc2,1.012468640731677
Nc1ccc(C=C)cc1.ClC(=O)c1ccc(cc1)c2ccccc2,0.8537700375354493
Cc1ccc(N)cc1.ClC(=O)c1ccc(cc1)c2ccccc2,1.749760132336324
Cc1cccc(N)c1.ClC(=O)c1ccc(cc1)c2ccccc2,1.3941501950978723
CC(C)NC1CCCCC1.ClC(=O)c1ccc(cc1)c2ccccc2,0.920629969239672
COc1ccccc1N.ClC(=O)c1ccc(cc1)c2ccccc2,1.3236857648133633
NC(c1ccccc1)(c2ccccc2)c3ccccc3.ClC(=O)c1ccc(cc1)c2ccccc2,0.7273937206786463
Cc1cccc(C)c1N.ClC(=O)c1ccc(cc1)c2ccccc2,0.6390568083462046
CC1CN(C(OC(C)(C)C)=O)CC(C)N1.ClC(=O)c1ccc(cc1)c2ccccc2,1.1612795699771183
N#CCCNc1ccccc1.ClC(=O)c1ccc(cc1)c2ccccc2,0.6151364570314269
Nc1ccccc1F.ClC(=O)c1ccc(cc1)c2ccccc2,0.7173463582812529
COc1cccc(N)c1.ClC(=O)c1ccc(cc1)c2ccccc2,0.9582059979781642
Nc1ccc(cc1)C(=O)c2ccccc2.ClC(=O)c1ccc(cc1)c2ccccc2,0.9125455618422812
FC1=CC=C(OC2=CC=C(N)C=C2)C=C1.ClC(=O)c1ccc(cc1)c2ccccc2,1.2861602481760936
CC(N)(C)C.ClC(=O)c1sccc1,0.7193768992671851
Nc1ccc(F)cc1.ClC(=O)c1sccc1,1.0805022699551408
COc1ccc(N)cc1.ClC(=O)c1sccc1,2.064079569638824
Nc1ccccc1.ClC(=O)c1sccc1,0.8787181708868833
Nc1c(C)cc(C)cc1C.ClC(=O)c1sccc1,0.984200076876042
CCCCCCCc1ccc(N)cc1.ClC(=O)c1sccc1,1.3004058151187787
CC(C)c1cccc(C(C)C)c1N.ClC(=O)c1sccc1,1.1291856988368922
C1CCC(CC1)NC2CCCCC2.ClC(=O)c1sccc1,1.069017568023276
CCCCCCc1ccc(N)cc1.ClC(=O)c1sccc1,1.3684806242518246
CSc1ccccc1N.ClC(=O)c1sccc1,1.1877667531258618
Nc1ccccc1c2ccccc2.ClC(=O)c1sccc1,1.2662569798446466
CC(C)(C)c1ccc(N)cc1.ClC(=O)c1sccc1,1.2072812167422116
CC(C)NC(C)C.ClC(=O)c1sccc1,1.1449272637798753
Nc1ccc(Br)cc1.ClC(=O)c1sccc1,1.1932497854602635
CC1CCCCN1.ClC(=O)c1sccc1,3.573050214011414
Nc1cccc2cccnc12.ClC(=O)c1sccc1,1.2214559917497432
CC(=O)c1cccc(N)c1.ClC(=O)c1sccc1,1.196892700088653
C1COCCN1.ClC(=O)c1sccc1,3.709269960975831
COc1ccc(cc1N)C(F)(F)F.ClC(=O)c1sccc1,1.2187817000854526
COCCOc1ccccc1N.ClC(=O)c1sccc1,1.1658842334001112
CCC(N)CC.ClC(=O)c1sccc1,3.72055097137682
CC1CCCC(C)N1.ClC(=O)c1sccc1,1.1367097977877436
Nc1ccc(C=C)cc1.ClC(=O)c1sccc1,1.2034870781981095
Cc1ccc(N)cc1.ClC(=O)c1sccc1,1.400602674766561
Cc1cccc(N)c1.ClC(=O)c1sccc1,1.1160193094706057
CC(C)NC1CCCCC1.ClC(=O)c1sccc1,1.352422262197257
COc1ccccc1N.ClC(=O)c1sccc1,1.0295550142427403
NC(c1ccccc1)(c2ccccc2)c3ccccc3.ClC(=O)c1sccc1,1.3708134673322072
Cc1cccc(C)c1N.ClC(=O)c1sccc1,1.3644480662462812
CC1CN(C(OC(C)(C)C)=O)CC(C)N1.ClC(=O)c1sccc1,1.1568825690463391
N#CCCNc1ccccc1.ClC(=O)c1sccc1,1.3839671135431884
Nc1ccccc1F.ClC(=O)c1sccc1,1.365806382154572
COc1cccc(N)c1.ClC(=O)c1sccc1,1.338793973613754
Nc1ccc(cc1)C(=O)c2ccccc2.ClC(=O)c1sccc1,1.4431405644230872
FC1=CC=C(OC2=CC=C(N)C=C2)C=C1.ClC(=O)c1sccc1,1.0271563090205733
C[C@@H](NCCCC1=CC(C(F)(F)F)=CC=C1)C2=CC=CC3=CC=CC=C32.ClC(=O)c1sccc1,2.18937800584203
CC(N)(C)C.ClC(=O)c1ccc2ccccc2c1,0.6291242371043724
Nc1ccc(F)cc1.ClC(=O)c1ccc2ccccc2c1,1.1943468339752097
COc1ccc(N)cc1.ClC(=O)c1ccc2ccccc2c1,2.299540952930785
Nc1ccccc1.ClC(=O)c1ccc2ccccc2c1,1.1998961753194035
Nc1c(C)cc(C)cc1C.ClC(=O)c1ccc2ccccc2c1,1.1418999726532808
CCCCCCCc1ccc(N)cc1.ClC(=O)c1ccc2ccccc2c1,1.8403640983673988
CC(C)c1cccc(C(C)C)c1N.ClC(=O)c1ccc2ccccc2c1,0.8046134272438992
C1CCC(CC1)NC2CCCCC2.ClC(=O)c1ccc2ccccc2c1,1.0745306280071691
CCCCCCc1ccc(N)cc1.ClC(=O)c1ccc2ccccc2c1,1.8462809388780268
CSc1ccccc1N.ClC(=O)c1ccc2ccccc2c1,0.7701639606188876
Nc1ccccc1c2ccccc2.ClC(=O)c1ccc2ccccc2c1,0.8058157578038895
CC(C)(C)c1ccc(N)cc1.ClC(=O)c1ccc2ccccc2c1,1.881203449747416
CC(C)NC(C)C.ClC(=O)c1ccc2ccccc2c1,1.0250341835977514
Nc1ccc(Br)cc1.ClC(=O)c1ccc2ccccc2c1,0.6895732956468592
CC1CCCCN1.ClC(=O)c1ccc2ccccc2c1,3.533178701877738
Nc1cccc2cccnc12.ClC(=O)c1ccc2ccccc2c1,1.0534549496017598
CC(=O)c1cccc(N)c1.ClC(=O)c1ccc2ccccc2c1,0.7376611261138889
COc1ccc(cc1N)C(F)(F)F.ClC(=O)c1ccc2ccccc2c1,0.7277045657759272
COCCOc1ccccc1N.ClC(=O)c1ccc2ccccc2c1,1.5820480751358044
CC1CCCC(C)N1.ClC(=O)c1ccc2ccccc2c1,1.0249845910178272
Nc1ccc(C=C)cc1.ClC(=O)c1ccc2ccccc2c1,1.021351807714389
Cc1ccc(N)cc1.ClC(=O)c1ccc2ccccc2c1,1.810568407358671
Cc1cccc(N)c1.ClC(=O)c1ccc2ccccc2c1,1.4191507825354612
CC(C)NC1CCCCC1.ClC(=O)c1ccc2ccccc2c1,0.99969851129257
COc1ccccc1N.ClC(=O)c1ccc2ccccc2c1,1.4391006494258058
NC(c1ccccc1)(c2ccccc2)c3ccccc3.ClC(=O)c1ccc2ccccc2c1,0.8145755541758382
Cc1cccc(C)c1N.ClC(=O)c1ccc2ccccc2c1,0.5397351230139728
CC1CN(C(OC(C)(C)C)=O)CC(C)N1.ClC(=O)c1ccc2ccccc2c1,0.720299451443908
N#CCCNc1ccccc1.ClC(=O)c1ccc2ccccc2c1,0.6624500067533386
Nc1ccccc1F.ClC(=O)c1ccc2ccccc2c1,0.7967319987871704
COc1cccc(N)c1.ClC(=O)c1ccc2ccccc2c1,1.1469954021082571
Nc1ccc(cc1)C(=O)c2ccccc2.ClC(=O)c1ccc2ccccc2c1,0.819092691245128
FC1=CC=C(OC2=CC=C(N)C=C2)C=C1.ClC(=O)c1ccc2ccccc2c1,1.4260741052240358
CC(N)(C)C.COc1ccc(cc1)C(Cl)=O,0.2233273100741175
Nc1ccc(F)cc1.COc1ccc(cc1)C(Cl)=O,0.6337278126158951
COc1ccc(N)cc1.COc1ccc(cc1)C(Cl)=O,1.7386773670500282
Nc1ccccc1.COc1ccc(cc1)C(Cl)=O,0.6237819837357833
Nc1c(C)cc(C)cc1C.COc1ccc(cc1)C(Cl)=O,0.6449623547781695
CCCCCCCc1ccc(N)cc1.COc1ccc(cc1)C(Cl)=O,1.1636418113863178
CC(C)c1cccc(C(C)C)c1N.COc1ccc(cc1)C(Cl)=O,0.5945158603450006
C1CCC(CC1)NC2CCCCC2.COc1ccc(cc1)C(Cl)=O,0.8171181316129663
CCCCCCc1ccc(N)cc1.COc1ccc(cc1)C(Cl)=O,1.0478465098102745
CSc1ccccc1N.COc1ccc(cc1)C(Cl)=O,0.6295074191362704
Nc1ccccc1c2ccccc2.COc1ccc(cc1)C(Cl)=O,0.8215345948444485
CC(C)(C)c1ccc(N)cc1.COc1ccc(cc1)C(Cl)=O,0.8702573249459443
CC(C)NC(C)C.COc1ccc(cc1)C(Cl)=O,0.8664231067365935
Nc1ccc(Br)cc1.COc1ccc(cc1)C(Cl)=O,0.7151236238657533
CC1CCCCN1.COc1ccc(cc1)C(Cl)=O,3.2321487063409915
Nc1cccc2cccnc12.COc1ccc(cc1)C(Cl)=O,0.517545245394324
CC(=O)c1cccc(N)c1.COc1ccc(cc1)C(Cl)=O,0.8229741223793963
COc1ccc(cc1N)C(F)(F)F.COc1ccc(cc1)C(Cl)=O,0.8535677392410589
COCCOc1ccccc1N.COc1ccc(cc1)C(Cl)=O,0.6537223750792256
CCC(N)CC.COc1ccc(cc1)C(Cl)=O,2.9311187105752223
CC1CCCC(C)N1.COc1ccc(cc1)C(Cl)=O,0.813066604685409
Nc1ccc(C=C)cc1.COc1ccc(cc1)C(Cl)=O,0.365959363805271
Cc1ccc(N)cc1.COc1ccc(cc1)C(Cl)=O,0.9977231638446568
Cc1cccc(N)c1.COc1ccc(cc1)C(Cl)=O,0.6517802121303164
CC(C)NC1CCCCC1.COc1ccc(cc1)C(Cl)=O,0.7607147546636456
COc1ccccc1N.COc1ccc(cc1)C(Cl)=O,0.6119904665387914
NC(c1ccccc1)(c2ccccc2)c3ccccc3.COc1ccc(cc1)C(Cl)=O,0.8969235814307157
Cc1cccc(C)c1N.COc1ccc(cc1)C(Cl)=O,0.8177291035384315
CC1CN(C(OC(C)(C)C)=O)CC(C)N1.COc1ccc(cc1)C(Cl)=O,0.3471568511093442
N#CCCNc1ccccc1.COc1ccc(cc1)C(Cl)=O,0.7010361875335858
Nc1ccccc1F.COc1ccc(cc1)C(Cl)=O,0.9179810523697648
COc1cccc(N)c1.COc1ccc(cc1)C(Cl)=O,0.4773986835930383
Nc1ccc(cc1)C(=O)c2ccccc2.COc1ccc(cc1)C(Cl)=O,0.6716995317911756
FC1=CC=C(OC2=CC=C(N)C=C2)C=C1.COc1ccc(cc1)C(Cl)=O,0.6747713443304956
CC(N)(C)C.CC(C)(C)C(Cl)=O,-0.1422329916264247
Nc1ccc(F)cc1.CC(C)(C)C(Cl)=O,1.551652856141914
COc1ccc(N)cc1.CC(C)(C)C(Cl)=O,2.661428467126507
Nc1ccccc1.CC(C)(C)C(Cl)=O,1.5233701469325351
Nc1c(C)cc(C)cc1C.CC(C)(C)C(Cl)=O,0.4579508027550838
CCCCCCCc1ccc(N)cc1.CC(C)(C)C(Cl)=O,2.189884154140873
CC(C)c1cccc(C(C)C)c1N.CC(C)(C)C(Cl)=O,0.5111263728511561
C1CCC(CC1)NC2CCCCC2.CC(C)(C)C(Cl)=O,0.7936869182544245
CCCCCCc1ccc(N)cc1.CC(C)(C)C(Cl)=O,2.076892406979559
CSc1ccccc1N.CC(C)(C)C(Cl)=O,0.7004009594281816
Nc1ccccc1c2ccccc2.CC(C)(C)C(Cl)=O,1.102249934168168
CC(C)(C)c1ccc(N)cc1.CC(C)(C)C(Cl)=O,1.8559218455553
CC(C)NC(C)C.CC(C)(C)C(Cl)=O,0.8792575987805666
Nc1ccc(Br)cc1.CC(C)(C)C(Cl)=O,0.920431876845079
CC1CCCCN1.CC(C)(C)C(Cl)=O,0.895108321614127
Nc1cccc2cccnc12.CC(C)(C)C(Cl)=O,1.87515581342602
CC(=O)c1cccc(N)c1.CC(C)(C)C(Cl)=O,0.9213768536053056
COc1ccc(cc1N)C(F)(F)F.CC(C)(C)C(Cl)=O,0.576617464143004
COCCOc1ccccc1N.CC(C)(C)C(Cl)=O,2.2430461853033177
CCC(N)CC.CC(C)(C)C(Cl)=O,1.7623266902432275
CC1CCCC(C)N1.CC(C)(C)C(Cl)=O,0.821484101238241
Nc1ccc(C=C)cc1.CC(C)(C)C(Cl)=O,1.304689192518448
Cc1ccc(N)cc1.CC(C)(C)C(Cl)=O,1.9549683210644784
Cc1cccc(N)c1.CC(C)(C)C(Cl)=O,1.634697617392311
CC(C)NC1CCCCC1.CC(C)(C)C(Cl)=O,0.8653667192053551
COc1ccccc1N.CC(C)(C)C(Cl)=O,2.107897144593646
NC(c1ccccc1)(c2ccccc2)c3ccccc3.CC(C)(C)C(Cl)=O,0.5371784219467027
Cc1cccc(C)c1N.CC(C)(C)C(Cl)=O,0.1683614331693294
CC1CN(C(OC(C)(C)C)=O)CC(C)N1.CC(C)(C)C(Cl)=O,0.5940963754986512
N#CCCNc1ccccc1.CC(C)(C)C(Cl)=O,0.4927738712174493
Nc1ccccc1F.CC(C)(C)C(Cl)=O,0.4120424637368887
COc1cccc(N)c1.CC(C)(C)C(Cl)=O,1.3492254111406805
Nc1ccc(cc1)C(=O)c2ccccc2.CC(C)(C)C(Cl)=O,0.5022125070550273
FC1=CC=C(OC2=CC=C(N)C=C2)C=C1.CC(C)(C)C(Cl)=O,1.7412245887925375
CC(N)(C)C.CCCCC(Cl)=O,2.092104294111345
Nc1ccc(F)cc1.CCCCC(Cl)=O,2.6898587219383927
COc1ccc(N)cc1.CCCCC(Cl)=O,3.1652019166679666
Nc1ccccc1.CCCCC(Cl)=O,2.8891542090457007
Nc1c(C)cc(C)cc1C.CCCCC(Cl)=O,2.701152070737647
CCCCCCCc1ccc(N)cc1.CCCCC(Cl)=O,3.010299956639812
CC(C)c1cccc(C(C)C)c1N.CCCCC(Cl)=O,2.4703878720833137
C1CCC(CC1)NC2CCCCC2.CCCCC(Cl)=O,2.44487484066428
CCCCCCc1ccc(N)cc1.CCCCC(Cl)=O,2.957562193555848
CSc1ccccc1N.CCCCC(Cl)=O,2.47328246074972
Nc1ccccc1c2ccccc2.CCCCC(Cl)=O,2.5075857361076577
CC(C)(C)c1ccc(N)cc1.CCCCC(Cl)=O,2.844541105152449
CC(C)NC(C)C.CCCCC(Cl)=O,2.398020800081693
Nc1ccc(Br)cc1.CCCCC(Cl)=O,2.3853108249965858
CC1CCCCN1.CCCCC(Cl)=O,2.806179973983887
Nc1cccc2cccnc12.CCCCC(Cl)=O,2.452008013582377
CC(=O)c1cccc(N)c1.CCCCC(Cl)=O,2.386844595233528
COc1ccc(cc1N)C(F)(F)F.CCCCC(Cl)=O,2.4059443954389472
COCCOc1ccccc1N.CCCCC(Cl)=O,2.7668342422296943
CC1CCCC(C)N1.CCCCC(Cl)=O,2.324522762358017
Nc1ccc(C=C)cc1.CCCCC(Cl)=O,2.529649186595796
Cc1ccc(N)cc1.CCCCC(Cl)=O,2.8585680434728777
Cc1cccc(N)c1.CCCCC(Cl)=O,2.6461512732611605
CC(C)NC1CCCCC1.CCCCC(Cl)=O,2.0616843466437187
COc1ccccc1N.CCCCC(Cl)=O,2.6837485114267543
NC(c1ccccc1)(c2ccccc2)c3ccccc3.CCCCC(Cl)=O,2.136299473710971
Cc1cccc(C)c1N.CCCCC(Cl)=O,2.2478786021765487
CC1CN(C(OC(C)(C)C)=O)CC(C)N1.CCCCC(Cl)=O,2.237599917587767
N#CCCNc1ccccc1.CCCCC(Cl)=O,2.207249679516237
Nc1ccccc1F.CCCCC(Cl)=O,2.138630429856395
COc1cccc(N)c1.CCCCC(Cl)=O,2.3215645026019507
Nc1ccc(cc1)C(=O)c2ccccc2.CCCCC(Cl)=O,2.125530117991607
FC1=CC=C(OC2=CC=C(N)C=C2)C=C1.CCCCC(Cl)=O,2.473228264603366
CC(N)(C)C.ClC(=O)c1ccc(Cl)cc1,1.0614000390095295
Nc1ccc(F)cc1.ClC(=O)c1ccc(Cl)cc1,1.3959369054611626
COc1ccc(N)cc1.ClC(=O)c1ccc(Cl)cc1,2.6258150518340497
Nc1ccccc1.ClC(=O)c1ccc(Cl)cc1,1.4460054986244042
Nc1c(C)cc(C)cc1C.ClC(=O)c1ccc(Cl)cc1,1.383122452268804
CCCCCCCc1ccc(N)cc1.ClC(=O)c1ccc(Cl)cc1,2.129701649242331
CC(C)c1cccc(C(C)C)c1N.ClC(=O)c1ccc(Cl)cc1,1.107500457896163
C1CCC(CC1)NC2CCCCC2.ClC(=O)c1ccc(Cl)cc1,1.4229809451308104
CCCCCCc1ccc(N)cc1.ClC(=O)c1ccc(Cl)cc1,2.1409905108612346
CSc1ccccc1N.ClC(=O)c1ccc(Cl)cc1,1.0763059700402873
Nc1ccccc1c2ccccc2.ClC(=O)c1ccc(Cl)cc1,1.0796277353788544
CC(C)(C)c1ccc(N)cc1.ClC(=O)c1ccc(Cl)cc1,1.9809082464849648
CC(C)NC(C)C.ClC(=O)c1ccc(Cl)cc1,1.3258008215653436
Nc1ccc(Br)cc1.ClC(=O)c1ccc(Cl)cc1,0.9128665199965408
Nc1cccc2cccnc12.ClC(=O)c1ccc(Cl)cc1,1.3696122337316667
CC(=O)c1cccc(N)c1.ClC(=O)c1ccc(Cl)cc1,0.8473997020923856
COc1ccc(cc1N)C(F)(F)F.ClC(=O)c1ccc(Cl)cc1,0.8956415824150794
COCCOc1ccccc1N.ClC(=O)c1ccc(Cl)cc1,1.972659518020981
CC1CCCC(C)N1.ClC(=O)c1ccc(Cl)cc1,1.179355583615533
Nc1ccc(C=C)cc1.ClC(=O)c1ccc(Cl)cc1,1.2999838632716056
Cc1ccc(N)cc1.ClC(=O)c1ccc(Cl)cc1,2.229965202886006
Cc1cccc(N)c1.ClC(=O)c1ccc(Cl)cc1,1.886300972332837
CC(C)NC1CCCCC1.ClC(=O)c1ccc(Cl)cc1,1.002168070741957
COc1ccccc1N.ClC(=O)c1ccc(Cl)cc1,1.658340584009279
NC(c1ccccc1)(c2ccccc2)c3ccccc3.ClC(=O)c1ccc(Cl)cc1,0.836079044595917
Cc1cccc(C)c1N.ClC(=O)c1ccc(Cl)cc1,0.7717697302125313
CC1CN(C(OC(C)(C)C)=O)CC(C)N1.ClC(=O)c1ccc(Cl)cc1,1.078128550101312
N#CCCNc1ccccc1.ClC(=O)c1ccc(Cl)cc1,0.862605885475969
Nc1ccccc1F.ClC(=O)c1ccc(Cl)cc1,0.9080859744612942
COc1cccc(N)c1.ClC(=O)c1ccc(Cl)cc1,1.193350813535308
Nc1ccc(cc1)C(=O)c2ccccc2.ClC(=O)c1ccc(Cl)cc1,0.9495989822930962
FC1=CC=C(OC2=CC=C(N)C=C2)C=C1.ClC(=O)c1ccc(Cl)cc1,1.645702347988537
CC(N)(C)C.CCCCCCC(Cl)=O,1.9650065448126963
Nc1ccc(F)cc1.CCCCCCC(Cl)=O,2.7329480604716214
COc1ccc(N)cc1.CCCCCCC(Cl)=O,3.1072099696478683
Nc1ccccc1.CCCCCCC(Cl)=O,2.807659684014007
Nc1c(C)cc(C)cc1C.CCCCCCC(Cl)=O,2.787935519884809
CCCCCCCc1ccc(N)cc1.CCCCCCC(Cl)=O,3.0319775014575177
CC(C)c1cccc(C(C)C)c1N.CCCCCCC(Cl)=O,2.6575070456095484
C1CCC(CC1)NC2CCCCC2.CCCCCCC(Cl)=O,2.442604859685826
CCCCCCc1ccc(N)cc1.CCCCCCC(Cl)=O,3.092232813505593
CSc1ccccc1N.CCCCCCC(Cl)=O,2.397750031735502
Nc1ccccc1c2ccccc2.CCCCCCC(Cl)=O,2.69035196678045
CC(C)(C)c1ccc(N)cc1.CCCCCCC(Cl)=O,3.1393946528738583
CC(C)NC(C)C.CCCCCCC(Cl)=O,2.4734317349507577
Nc1ccc(Br)cc1.CCCCCCC(Cl)=O,2.6050864459611662
CC1CCCCN1.CCCCCCC(Cl)=O,3.709269960975831
Nc1cccc2cccnc12.CCCCCCC(Cl)=O,2.779851035278502
CC(=O)c1cccc(N)c1.CCCCCCC(Cl)=O,2.489522882514702
C1COCCN1.CCCCCCC(Cl)=O,2.709269960975831
COc1ccc(cc1N)C(F)(F)F.CCCCCCC(Cl)=O,2.520662144450533
COCCOc1ccccc1N.CCCCCCC(Cl)=O,3.584331224367531
CCC(N)CC.CCCCCCC(Cl)=O,3.709269960975831
CC1CCCC(C)N1.CCCCCCC(Cl)=O,2.5131746628736185
Nc1ccc(C=C)cc1.CCCCCCC(Cl)=O,2.817231320489284
Cc1ccc(N)cc1.CCCCCCC(Cl)=O,2.9311187105752223
Cc1cccc(N)c1.CCCCCCC(Cl)=O,2.667601270414288
CC(C)NC1CCCCC1.CCCCCCC(Cl)=O,2.2990371856601644
COc1ccccc1N.CCCCCCC(Cl)=O,3.1072099696478683
NC(c1ccccc1)(c2ccccc2)c3ccccc3.CCCCCCC(Cl)=O,2.2795719264908367
Cc1cccc(C)c1N.CCCCCCC(Cl)=O,2.362452241411932
CC1CN(C(OC(C)(C)C)=O)CC(C)N1.CCCCCCC(Cl)=O,2.3902972650018635
N#CCCNc1ccccc1.CCCCCCC(Cl)=O,2.3628451751632946
Nc1ccccc1F.CCCCCCC(Cl)=O,2.278448725985383
COc1cccc(N)c1.CCCCCCC(Cl)=O,2.5671476213153657
Nc1ccc(cc1)C(=O)c2ccccc2.CCCCCCC(Cl)=O,2.3400274494253197
FC1=CC=C(OC2=CC=C(N)C=C2)C=C1.CCCCCCC(Cl)=O,2.7431282282261957
CC(N)(C)C.CC(Cl)=O,2.7035176320912635
Nc1ccc(F)cc1.CC(Cl)=O,2.9995510504984804
Nc1ccccc1.CC(Cl)=O,3.0086944298332874
Nc1c(C)cc(C)cc1C.CC(Cl)=O,2.9711552281331017
CCCCCCCc1ccc(N)cc1.CC(Cl)=O,3.3412931756246875
CC(C)c1cccc(C(C)C)c1N.CC(Cl)=O,2.7115232870173465
C1CCC(CC1)NC2CCCCC2.CC(Cl)=O,2.715059985558049
CCCCCCc1ccc(N)cc1.CC(Cl)=O,3.392445698204016
CSc1ccccc1N.CC(Cl)=O,2.9720520678557283
Nc1ccccc1c2ccccc2.CC(Cl)=O,2.715099504620721
CC(C)(C)c1ccc(N)cc1.CC(Cl)=O,3.380211241711606
CC(C)NC(C)C.CC(Cl)=O,2.7827992303805384
Nc1ccc(Br)cc1.CC(Cl)=O,3.584331224367531
CC1CCCCN1.CC(Cl)=O,3.2833012287035497
Nc1cccc2cccnc12.CC(Cl)=O,3.1167055943194395
CC(=O)c1cccc(N)c1.CC(Cl)=O,2.773339751616456
COc1ccc(cc1N)C(F)(F)F.CC(Cl)=O,3.885361220031512
COCCOc1ccccc1N.CC(Cl)=O,3.1514136320961423
CC1CCCC(C)N1.CC(Cl)=O,2.6364903946928884
Nc1ccc(C=C)cc1.CC(Cl)=O,2.4149733479708178
Cc1ccc(N)cc1.CC(Cl)=O,2.3290587191963663
Cc1cccc(N)c1.CC(Cl)=O,3.2321487063409915
CC(C)NC1CCCCC1.CC(Cl)=O,2.970990222637022
COc1ccccc1N.CC(Cl)=O,3.584331224367531
NC(c1ccccc1)(c2ccccc2)c3ccccc3.CC(Cl)=O,3.0724478635583026
Cc1cccc(C)c1N.CC(Cl)=O,3.175132702233188
CC1CN(C(OC(C)(C)C)=O)CC(C)N1.CC(Cl)=O,2.454247553432036
N#CCCNc1ccccc1.CC(Cl)=O,3.175132702233188
Nc1ccccc1F.CC(Cl)=O,3.0914157023641056
COc1cccc(N)c1.CC(Cl)=O,3.127796500322832
Nc1ccc(cc1)C(=O)c2ccccc2.CC(Cl)=O,3.250772003884169
FC1=CC=C(OC2=CC=C(N)C=C2)C=C1.CC(Cl)=O,2.4420982326406757
C[C@@H](NCCCC1=CC(C(F)(F)F)=CC=C1)C2=CC=CC3=CC=CC=C32.CC(Cl)=O,2.4781189850774563
CC(N)(C)C.FC(F)(F)Oc1ccc(cc1)C(Cl)=O,1.1295031347407547
Nc1ccc(F)cc1.FC(F)(F)Oc1ccc(cc1)C(Cl)=O,1.523640288076399
COc1ccc(N)cc1.FC(F)(F)Oc1ccc(cc1)C(Cl)=O,2.755027451544988
Nc1ccccc1.FC(F)(F)Oc1ccc(cc1)C(Cl)=O,1.5301658659857371
Nc1c(C)cc(C)cc1C.FC(F)(F)Oc1ccc(cc1)C(Cl)=O,1.4373618042030163
CCCCCCCc1ccc(N)cc1.FC(F)(F)Oc1ccc(cc1)C(Cl)=O,2.2716784156234757
CC(C)c1cccc(C(C)C)c1N.FC(F)(F)Oc1ccc(cc1)C(Cl)=O,1.2542285453033104
C1CCC(CC1)NC2CCCCC2.FC(F)(F)Oc1ccc(cc1)C(Cl)=O,1.5270663931378077
CCCCCCc1ccc(N)cc1.FC(F)(F)Oc1ccc(cc1)C(Cl)=O,2.253452864177313
CSc1ccccc1N.FC(F)(F)Oc1ccc(cc1)C(Cl)=O,1.136839462611266
Nc1ccccc1c2ccccc2.FC(F)(F)Oc1ccc(cc1)C(Cl)=O,1.1660246286828313
CC(C)(C)c1ccc(N)cc1.FC(F)(F)Oc1ccc(cc1)C(Cl)=O,2.0838283492993765
CC(C)NC(C)C.FC(F)(F)Oc1ccc(cc1)C(Cl)=O,1.531127434573906
Nc1ccc(Br)cc1.FC(F)(F)Oc1ccc(cc1)C(Cl)=O,1.1214100990446796
Nc1cccc2cccnc12.FC(F)(F)Oc1ccc(cc1)C(Cl)=O,1.4424629101152942
CC(=O)c1cccc(N)c1.FC(F)(F)Oc1ccc(cc1)C(Cl)=O,1.1602317040332553
COc1ccc(cc1N)C(F)(F)F.FC(F)(F)Oc1ccc(cc1)C(Cl)=O,1.1867690715374468
COCCOc1ccccc1N.FC(F)(F)Oc1ccc(cc1)C(Cl)=O,2.193722882724713
CC1CCCC(C)N1.FC(F)(F)Oc1ccc(cc1)C(Cl)=O,1.4863541661137176
Nc1ccc(C=C)cc1.FC(F)(F)Oc1ccc(cc1)C(Cl)=O,1.3718322198558657
Cc1ccc(N)cc1.FC(F)(F)Oc1ccc(cc1)C(Cl)=O,2.1492427847556077
Cc1cccc(N)c1.FC(F)(F)Oc1ccc(cc1)C(Cl)=O,1.8202046580757163
CC(C)NC1CCCCC1.FC(F)(F)Oc1ccc(cc1)C(Cl)=O,1.3149102376714643
COc1ccccc1N.FC(F)(F)Oc1ccc(cc1)C(Cl)=O,1.9663297890892533
NC(c1ccccc1)(c2ccccc2)c3ccccc3.FC(F)(F)Oc1ccc(cc1)C(Cl)=O,0.9094426872328756
Cc1cccc(C)c1N.FC(F)(F)Oc1ccc(cc1)C(Cl)=O,0.999748952972639
CC1CN(C(OC(C)(C)C)=O)CC(C)N1.FC(F)(F)Oc1ccc(cc1)C(Cl)=O,1.349806213140085
N#CCCNc1ccccc1.FC(F)(F)Oc1ccc(cc1)C(Cl)=O,0.9732863145447482
Nc1ccccc1F.FC(F)(F)Oc1ccc(cc1)C(Cl)=O,1.1121335130582164
COc1cccc(N)c1.FC(F)(F)Oc1ccc(cc1)C(Cl)=O,1.4876175469644823
Nc1ccc(cc1)C(=O)c2ccccc2.FC(F)(F)Oc1ccc(cc1)C(Cl)=O,1.1233027273920344
FC1=CC=C(OC2=CC=C(N)C=C2)C=C1.FC(F)(F)Oc1ccc(cc1)C(Cl)=O,2.2179082670821817
CC(N)(C)C.ClC(=O)c1cccc2ccccc12,0.6681114740546061
Nc1ccc(F)cc1.ClC(=O)c1cccc2ccccc12,1.0812866175719862
COc1ccc(N)cc1.ClC(=O)c1cccc2ccccc12,2.269712883557757
Nc1ccccc1.ClC(=O)c1cccc2ccccc12,1.1743167174093028
Nc1c(C)cc(C)cc1C.ClC(=O)c1cccc2ccccc12,1.1607506060524757
CCCCCCCc1ccc(N)cc1.ClC(=O)c1cccc2ccccc12,1.6348879324268837
CC(C)c1cccc(C(C)C)c1N.ClC(=O)c1cccc2ccccc12,0.9343567354085708
C1CCC(CC1)NC2CCCCC2.ClC(=O)c1cccc2ccccc12,1.0110447506048643
CCCCCCc1ccc(N)cc1.ClC(=O)c1cccc2ccccc12,1.6348879324268837
CSc1ccccc1N.ClC(=O)c1cccc2ccccc12,0.8640501950895803
Nc1ccccc1c2ccccc2.ClC(=O)c1cccc2ccccc12,0.8806259535071533
CC(C)(C)c1ccc(N)cc1.ClC(=O)c1cccc2ccccc12,1.4595256209836869
CC(C)NC(C)C.ClC(=O)c1cccc2ccccc12,0.6024305828742751
Nc1ccc(Br)cc1.ClC(=O)c1cccc2ccccc12,0.3876151122675186
CC1CCCCN1.ClC(=O)c1cccc2ccccc12,3.419520975712839
Nc1cccc2cccnc12.ClC(=O)c1cccc2ccccc12,0.7586179204529679
CC(=O)c1cccc(N)c1.ClC(=O)c1cccc2ccccc12,0.3822494538879242
COc1ccc(cc1N)C(F)(F)F.ClC(=O)c1cccc2ccccc12,0.8023854357124701
COCCOc1ccccc1N.ClC(=O)c1cccc2ccccc12,1.286756080991466
CCC(N)CC.ClC(=O)c1cccc2ccccc12,2.570117420131424
CC1CCCC(C)N1.ClC(=O)c1cccc2ccccc12,0.6610093980261985
Nc1ccc(C=C)cc1.ClC(=O)c1cccc2ccccc12,0.6635791648397235
Cc1ccc(N)cc1.ClC(=O)c1cccc2ccccc12,1.4588285045935665
Cc1cccc(N)c1.ClC(=O)c1cccc2ccccc12,1.1142669932117084
CC(C)NC1CCCCC1.ClC(=O)c1cccc2ccccc12,0.7510148092124386
COc1ccccc1N.ClC(=O)c1cccc2ccccc12,1.252605541210554
NC(c1ccccc1)(c2ccccc2)c3ccccc3.ClC(=O)c1cccc2ccccc12,0.6346981860190569
Cc1cccc(C)c1N.ClC(=O)c1cccc2ccccc12,0.4267104145372685
CC1CN(C(OC(C)(C)C)=O)CC(C)N1.ClC(=O)c1cccc2ccccc12,0.6193586587152295
N#CCCNc1ccccc1.ClC(=O)c1cccc2ccccc12,0.5807291274047428
Nc1ccccc1F.ClC(=O)c1cccc2ccccc12,0.6113167011256991
COc1cccc(N)c1.ClC(=O)c1cccc2ccccc12,0.8038238756632731
Nc1ccc(cc1)C(=O)c2ccccc2.ClC(=O)c1cccc2ccccc12,0.7539889828025744
FC1=CC=C(OC2=CC=C(N)C=C2)C=C1.ClC(=O)c1cccc2ccccc12,1.7214028733537714
CC(N)(C)C.FC(F)(F)Sc1ccc(cc1)C(Cl)=O,1.2980341942422944
Nc1ccc(F)cc1.FC(F)(F)Sc1ccc(cc1)C(Cl)=O,1.9792411590509016
COc1ccc(N)cc1.FC(F)(F)Sc1ccc(cc1)C(Cl)=O,2.630088714962135
Nc1ccccc1.FC(F)(F)Sc1ccc(cc1)C(Cl)=O,1.7935483905388
Nc1c(C)cc(C)cc1C.FC(F)(F)Sc1ccc(cc1)C(Cl)=O,1.7314485053871222
CCCCCCCc1ccc(N)cc1.FC(F)(F)Sc1ccc(cc1)C(Cl)=O,2.412848827792785
CC(C)c1cccc(C(C)C)c1N.FC(F)(F)Sc1ccc(cc1)C(Cl)=O,1.4347039304233364
C1CCC(CC1)NC2CCCCC2.FC(F)(F)Sc1ccc(cc1)C(Cl)=O,1.896240729482065
CCCCCCc1ccc(N)cc1.FC(F)(F)Sc1ccc(cc1)C(Cl)=O,2.310458272502587
CSc1ccccc1N.FC(F)(F)Sc1ccc(cc1)C(Cl)=O,1.2915725027934055
Nc1ccccc1c2ccccc2.FC(F)(F)Sc1ccc(cc1)C(Cl)=O,1.3864374738383145
CC(C)(C)c1ccc(N)cc1.FC(F)(F)Sc1ccc(cc1)C(Cl)=O,2.3695475654635323
CC(C)NC(C)C.FC(F)(F)Sc1ccc(cc1)C(Cl)=O,1.6918773108865175
Nc1ccc(Br)cc1.FC(F)(F)Sc1ccc(cc1)C(Cl)=O,1.5067081532677438
Nc1cccc2cccnc12.FC(F)(F)Sc1ccc(cc1)C(Cl)=O,1.8483826754325667
CC(=O)c1cccc(N)c1.FC(F)(F)Sc1ccc(cc1)C(Cl)=O,1.405433786996964
COc1ccc(cc1N)C(F)(F)F.FC(F)(F)Sc1ccc(cc1)C(Cl)=O,1.3794857223606958
COCCOc1ccccc1N.FC(F)(F)Sc1ccc(cc1)C(Cl)=O,2.405410675228675
CC1CCCC(C)N1.FC(F)(F)Sc1ccc(cc1)C(Cl)=O,1.7122593506195067
Nc1ccc(C=C)cc1.FC(F)(F)Sc1ccc(cc1)C(Cl)=O,1.732739573209557
Cc1ccc(N)cc1.FC(F)(F)Sc1ccc(cc1)C(Cl)=O,2.207503074027805
Cc1cccc(N)c1.FC(F)(F)Sc1ccc(cc1)C(Cl)=O,1.8548898517152208
CC(C)NC1CCCCC1.FC(F)(F)Sc1ccc(cc1)C(Cl)=O,1.3958798007423254
COc1ccccc1N.FC(F)(F)Sc1ccc(cc1)C(Cl)=O,1.9964361683551093
NC(c1ccccc1)(c2ccccc2)c3ccccc3.FC(F)(F)Sc1ccc(cc1)C(Cl)=O,1.3220191354385784
Cc1cccc(C)c1N.FC(F)(F)Sc1ccc(cc1)C(Cl)=O,1.4294962795096318
CC1CN(C(OC(C)(C)C)=O)CC(C)N1.FC(F)(F)Sc1ccc(cc1)C(Cl)=O,1.8334632332387368
N#CCCNc1ccccc1.FC(F)(F)Sc1ccc(cc1)C(Cl)=O,1.3802790044596178
Nc1ccccc1F.FC(F)(F)Sc1ccc(cc1)C(Cl)=O,1.363667162430404
COc1cccc(N)c1.FC(F)(F)Sc1ccc(cc1)C(Cl)=O,1.694954570671179
Nc1ccc(cc1)C(=O)c2ccccc2.FC(F)(F)Sc1ccc(cc1)C(Cl)=O,1.3931985083884262
FC1=CC=C(OC2=CC=C(N)C=C2)C=C1.FC(F)(F)Sc1ccc(cc1)C(Cl)=O,1.1028544587058955
CC(N)(C)C.Cc1ccc(cc1)C(Cl)=O,0.7145073595113562
Nc1ccc(F)cc1.Cc1ccc(cc1)C(Cl)=O,1.144874405858073
COc1ccc(N)cc1.Cc1ccc(cc1)C(Cl)=O,2.2083065792710816
Nc1ccccc1.Cc1ccc(cc1)C(Cl)=O,1.0849870555805643
Nc1c(C)cc(C)cc1C.Cc1ccc(cc1)C(Cl)=O,1.1160283913883655
CCCCCCCc1ccc(N)cc1.Cc1ccc(cc1)C(Cl)=O,1.647753275172258
CC(C)c1cccc(C(C)C)c1N.Cc1ccc(cc1)C(Cl)=O,0.5846084075871351
C1CCC(CC1)NC2CCCCC2.Cc1ccc(cc1)C(Cl)=O,0.7057832467333562
CCCCCCc1ccc(N)cc1.Cc1ccc(cc1)C(Cl)=O,1.6308887663966996
CSc1ccccc1N.Cc1ccc(cc1)C(Cl)=O,0.6378756577900179
Nc1ccccc1c2ccccc2.Cc1ccc(cc1)C(Cl)=O,0.6432907218649421
CC(C)(C)c1ccc(N)cc1.Cc1ccc(cc1)C(Cl)=O,1.2652625297082083
CC(C)NC(C)C.Cc1ccc(cc1)C(Cl)=O,1.4531209782517387
Nc1ccc(Br)cc1.Cc1ccc(cc1)C(Cl)=O,0.5736200702612362
CC1CCCCN1.Cc1ccc(cc1)C(Cl)=O,2.635743393971506
Nc1cccc2cccnc12.Cc1ccc(cc1)C(Cl)=O,0.706181028751966
CC(=O)c1cccc(N)c1.Cc1ccc(cc1)C(Cl)=O,0.6697601245781957
COc1ccc(cc1N)C(F)(F)F.Cc1ccc(cc1)C(Cl)=O,0.6518607954708626
COCCOc1ccccc1N.Cc1ccc(cc1)C(Cl)=O,1.0952373859201612
CC1CCCC(C)N1.Cc1ccc(cc1)C(Cl)=O,1.3590219426959549
Nc1ccc(C=C)cc1.Cc1ccc(cc1)C(Cl)=O,0.5548507606162941
Cc1ccc(N)cc1.Cc1ccc(cc1)C(Cl)=O,1.592341755064075
Cc1cccc(N)c1.Cc1ccc(cc1)C(Cl)=O,1.112929218372725
CC(C)NC1CCCCC1.Cc1ccc(cc1)C(Cl)=O,0.4996994980405926
COc1ccccc1N.Cc1ccc(cc1)C(Cl)=O,1.024518711408389
NC(c1ccccc1)(c2ccccc2)c3ccccc3.Cc1ccc(cc1)C(Cl)=O,0.6348068300197319
Cc1cccc(C)c1N.Cc1ccc(cc1)C(Cl)=O,0.4108142480255898
CC1CN(C(OC(C)(C)C)=O)CC(C)N1.Cc1ccc(cc1)C(Cl)=O,0.6437513173569928
N#CCCNc1ccccc1.Cc1ccc(cc1)C(Cl)=O,0.5620340987430851
Nc1ccccc1F.Cc1ccc(cc1)C(Cl)=O,0.6126313573119958
COc1cccc(N)c1.Cc1ccc(cc1)C(Cl)=O,0.7955021170478915
Nc1ccc(cc1)C(=O)c2ccccc2.Cc1ccc(cc1)C(Cl)=O,0.6709716567542129
FC1=CC=C(OC2=CC=C(N)C=C2)C=C1.Cc1ccc(cc1)C(Cl)=O,1.5621738633646485
CC(N)(C)C.ClC(=O)c1ccc(Cl)cc1Cl,1.077919152165553
Nc1ccc(F)cc1.ClC(=O)c1ccc(Cl)cc1Cl,1.8402276000830105
COc1ccc(N)cc1.ClC(=O)c1ccc(Cl)cc1Cl,3.411517675006757
Nc1ccccc1.ClC(=O)c1ccc(Cl)cc1Cl,1.8911907637042995
Nc1c(C)cc(C)cc1C.ClC(=O)c1ccc(Cl)cc1Cl,1.7540476375392515
CCCCCCCc1ccc(N)cc1.ClC(=O)c1ccc(Cl)cc1Cl,2.6604370859021125
CC(C)c1cccc(C(C)C)c1N.ClC(=O)c1ccc(Cl)cc1Cl,1.3168808691024876
C1CCC(CC1)NC2CCCCC2.ClC(=O)c1ccc(Cl)cc1Cl,1.977413805275109
CCCCCCc1ccc(N)cc1.ClC(=O)c1ccc(Cl)cc1Cl,2.749890617712448
CSc1ccccc1N.ClC(=O)c1ccc(Cl)cc1Cl,1.628872263842029
Nc1ccccc1c2ccccc2.ClC(=O)c1ccc(Cl)cc1Cl,1.2806781103019422
CC(C)(C)c1ccc(N)cc1.ClC(=O)c1ccc(Cl)cc1Cl,2.7935944590289385
CC(C)NC(C)C.ClC(=O)c1ccc(Cl)cc1Cl,1.9887927913246937
Nc1ccc(Br)cc1.ClC(=O)c1ccc(Cl)cc1Cl,1.8389579559139224
Nc1cccc2cccnc12.ClC(=O)c1ccc(Cl)cc1Cl,2.1588655172082816
CC(=O)c1cccc(N)c1.ClC(=O)c1ccc(Cl)cc1Cl,1.775795977343943
COc1ccc(cc1N)C(F)(F)F.ClC(=O)c1ccc(Cl)cc1Cl,1.7373424703272484
COCCOc1ccccc1N.ClC(=O)c1ccc(Cl)cc1Cl,2.57905698382687
CC1CCCC(C)N1.ClC(=O)c1ccc(Cl)cc1Cl,1.992458131871611
Nc1ccc(C=C)cc1.ClC(=O)c1ccc(Cl)cc1Cl,2.160872711364267
Cc1ccc(N)cc1.ClC(=O)c1ccc(Cl)cc1Cl,2.6797335597756007
Cc1cccc(N)c1.ClC(=O)c1ccc(Cl)cc1Cl,2.2757589602060446
CC(C)NC1CCCCC1.ClC(=O)c1ccc(Cl)cc1Cl,1.833199618640293
COc1ccccc1N.ClC(=O)c1ccc(Cl)cc1Cl,2.282470076630429
NC(c1ccccc1)(c2ccccc2)c3ccccc3.ClC(=O)c1ccc(Cl)cc1Cl,1.4190698850776045
Cc1cccc(C)c1N.ClC(=O)c1ccc(Cl)cc1Cl,1.4168033690100843
CC1CN(C(OC(C)(C)C)=O)CC(C)N1.ClC(=O)c1ccc(Cl)cc1Cl,1.9710897797707936
N#CCCNc1ccccc1.ClC(=O)c1ccc(Cl)cc1Cl,1.588959669936099
Nc1ccccc1F.ClC(=O)c1ccc(Cl)cc1Cl,1.6045430721448617
COc1cccc(N)c1.ClC(=O)c1ccc(Cl)cc1Cl,1.9666896922353896
Nc1ccc(cc1)C(=O)c2ccccc2.ClC(=O)c1ccc(Cl)cc1Cl,1.472289660700545
FC1=CC=C(OC2=CC=C(N)C=C2)C=C1.ClC(=O)c1ccc(Cl)cc1Cl,1.7133246983871142
CC(N)(C)C.ClC(=O)c1occc1,1.503729055701438
Nc1ccc(F)cc1.ClC(=O)c1occc1,1.8369204137925663
COc1ccc(N)cc1.ClC(=O)c1occc1,2.6623119320265687
Nc1ccccc1.ClC(=O)c1occc1,1.831592891870582
Nc1c(C)cc(C)cc1C.ClC(=O)c1occc1,1.7979760666044544
CCCCCCCc1ccc(N)cc1.ClC(=O)c1occc1,2.171641638919074
CC(C)c1cccc(C(C)C)c1N.ClC(=O)c1occc1,1.6653151921992169
C1CCC(CC1)NC2CCCCC2.ClC(=O)c1occc1,1.7283604649907085
CCCCCCc1ccc(N)cc1.ClC(=O)c1occc1,2.134562334126135
CSc1ccccc1N.ClC(=O)c1occc1,1.55203018329482
Nc1ccccc1c2ccccc2.ClC(=O)c1occc1,1.6807614670268516
CC(C)(C)c1ccc(N)cc1.ClC(=O)c1occc1,2.153182048512792
CC(C)NC(C)C.ClC(=O)c1occc1,1.656208619091353
Nc1ccc(Br)cc1.ClC(=O)c1occc1,1.6632687494537215
Nc1cccc2cccnc12.ClC(=O)c1occc1,1.7096459463103422
CC(=O)c1cccc(N)c1.ClC(=O)c1occc1,1.5690769346944675
COc1ccc(cc1N)C(F)(F)F.ClC(=O)c1occc1,1.6364575378071295
COCCOc1ccccc1N.ClC(=O)c1occc1,1.858477518279667
CCC(N)CC.ClC(=O)c1occc1,4.010299956639812
CC1CCCC(C)N1.ClC(=O)c1occc1,1.5774229500877197
Nc1ccc(C=C)cc1.ClC(=O)c1occc1,1.3587130779885
Cc1ccc(N)cc1.ClC(=O)c1occc1,2.279573837207298
Cc1cccc(N)c1.ClC(=O)c1occc1,1.767442096225798
CC(C)NC1CCCCC1.ClC(=O)c1occc1,1.5955659124514692
COc1ccccc1N.ClC(=O)c1occc1,1.783030785810642
NC(c1ccccc1)(c2ccccc2)c3ccccc3.ClC(=O)c1occc1,1.5673368503207077
Cc1cccc(C)c1N.ClC(=O)c1occc1,1.5899906357498594
CC1CN(C(OC(C)(C)C)=O)CC(C)N1.ClC(=O)c1occc1,1.7973242745473548
N#CCCNc1ccccc1.ClC(=O)c1occc1,1.5857688916245816
Nc1ccccc1F.ClC(=O)c1occc1,1.5743914868249798
COc1cccc(N)c1.ClC(=O)c1occc1,1.5823349263461737
Nc1ccc(cc1)C(=O)c2ccccc2.ClC(=O)c1occc1,1.6210291385563425
FC1=CC=C(OC2=CC=C(N)C=C2)C=C1.ClC(=O)c1occc1,1.3012227550923254
CC(N)(C)C.CCC(C(Cl)=O)c1ccccc1,1.1101827271327789
Nc1ccc(F)cc1.CCC(C(Cl)=O)c1ccccc1,3.18063888689688
Nc1ccccc1.CCC(C(Cl)=O)c1ccccc1,2.885361220031512
Nc1c(C)cc(C)cc1C.CCC(C(Cl)=O)c1ccccc1,2.290189401293984
CCCCCCCc1ccc(N)cc1.CCC(C(Cl)=O)c1ccccc1,3.3239190795875784
CC(C)c1cccc(C(C)C)c1N.CCC(C(Cl)=O)c1ccccc1,1.5538606089487317
C1CCC(CC1)NC2CCCCC2.CCC(C(Cl)=O)c1ccccc1,1.761765437600715
CCCCCCc1ccc(N)cc1.CCC(C(Cl)=O)c1ccccc1,3.3169098297640387
CSc1ccccc1N.CCC(C(Cl)=O)c1ccccc1,2.016035821575313
Nc1ccccc1c2ccccc2.CCC(C(Cl)=O)c1ccccc1,2.115499430899143
CC(C)NC(C)C.CCC(C(Cl)=O)c1ccccc1,1.7477351739299931
Nc1ccc(Br)cc1.CCC(C(Cl)=O)c1ccccc1,2.0287755759591404
CC1CCCCN1.CCC(C(Cl)=O)c1ccccc1,3.584331224367531
Nc1cccc2cccnc12.CCC(C(Cl)=O)c1ccccc1,2.604705532675834
CC(=O)c1cccc(N)c1.CCC(C(Cl)=O)c1ccccc1,1.9707836288653249
COc1ccc(cc1N)C(F)(F)F.CCC(C(Cl)=O)c1ccccc1,1.700174817654685
COCCOc1ccccc1N.CCC(C(Cl)=O)c1ccccc1,2.7766955758886747
CC1CCCC(C)N1.CCC(C(Cl)=O)c1ccccc1,1.5691173032112216
Nc1ccc(C=C)cc1.CCC(C(Cl)=O)c1ccccc1,2.2566432410098
Cc1ccc(N)cc1.CCC(C(Cl)=O)c1ccccc1,3.1652019166679666
Cc1cccc(N)c1.CCC(C(Cl)=O)c1ccccc1,2.612359947967774
CC(C)NC1CCCCC1.CCC(C(Cl)=O)c1ccccc1,1.8985415848248983
COc1ccccc1N.CCC(C(Cl)=O)c1ccccc1,2.9273257215862087
NC(c1ccccc1)(c2ccccc2)c3ccccc3.CCC(C(Cl)=O)c1ccccc1,1.80847629610804
Cc1cccc(C)c1N.CCC(C(Cl)=O)c1ccccc1,1.376492826432042
CC1CN(C(OC(C)(C)C)=O)CC(C)N1.CCC(C(Cl)=O)c1ccccc1,1.4611699067309234
N#CCCNc1ccccc1.CCC(C(Cl)=O)c1ccccc1,1.770494762059855
Nc1ccccc1F.CCC(C(Cl)=O)c1ccccc1,1.434113010408689
COc1cccc(N)c1.CCC(C(Cl)=O)c1ccccc1,2.255943371691413
Nc1ccc(cc1)C(=O)c2ccccc2.CCC(C(Cl)=O)c1ccccc1,1.5126344498799469
FC1=CC=C(OC2=CC=C(N)C=C2)C=C1.CCC(C(Cl)=O)c1ccccc1,3.0018197391497936
CC(N)(C)C.CCCCC(CC)C(Cl)=O,0.5228787452369081
Nc1ccc(F)cc1.CCCCC(CC)C(Cl)=O,1.1476629502379845
COc1ccc(N)cc1.CCCCC(CC)C(Cl)=O,2.1813791683453023
Nc1ccccc1.CCCCC(CC)C(Cl)=O,1.1080659634172931
Nc1c(C)cc(C)cc1C.CCCCC(CC)C(Cl)=O,0.4512286411671128
CCCCCCCc1ccc(N)cc1.CCCCC(CC)C(Cl)=O,1.6633676699529385
CC(C)c1cccc(C(C)C)c1N.CCCCC(CC)C(Cl)=O,-0.0828268912358489
C1CCC(CC1)NC2CCCCC2.CCCCC(CC)C(Cl)=O,0.6471813512110501
CCCCCCc1ccc(N)cc1.CCCCC(CC)C(Cl)=O,1.6416271331813803
CSc1ccccc1N.CCCCC(CC)C(Cl)=O,0.4750752750792898
Nc1ccccc1c2ccccc2.CCCCC(CC)C(Cl)=O,0.733842164831134
CC(C)(C)c1ccc(N)cc1.CCCCC(CC)C(Cl)=O,1.619149452671916
CC(C)NC(C)C.CCCCC(CC)C(Cl)=O,0.6069442808336508
Nc1ccc(Br)cc1.CCCCC(CC)C(Cl)=O,0.499307739979917
CC1CCCCN1.CCCCC(CC)C(Cl)=O,2.201140475515676
Nc1cccc2cccnc12.CCCCC(CC)C(Cl)=O,1.3194794415856752
CC(=O)c1cccc(N)c1.CCCCC(CC)C(Cl)=O,0.4908100347865815
COc1ccc(cc1N)C(F)(F)F.CCCCC(CC)C(Cl)=O,0.1595104837248195
COCCOc1ccccc1N.CCCCC(CC)C(Cl)=O,1.7022385310216377
CCC(N)CC.CCCCC(CC)C(Cl)=O,3.2321487063409915
CC1CCCC(C)N1.CCCCC(CC)C(Cl)=O,0.5299735620298585
Nc1ccc(C=C)cc1.CCCCC(CC)C(Cl)=O,0.8148119343663113
Cc1ccc(N)cc1.CCCCC(CC)C(Cl)=O,1.6342841649995283
Cc1cccc(N)c1.CCCCC(CC)C(Cl)=O,1.2359531528963366
CC(C)NC1CCCCC1.CCCCC(CC)C(Cl)=O,0.5379655594125324
COc1ccccc1N.CCCCC(CC)C(Cl)=O,1.4454716432181611
NC(c1ccccc1)(c2ccccc2)c3ccccc3.CCCCC(CC)C(Cl)=O,0.0905757062308727
Cc1cccc(C)c1N.CCCCC(CC)C(Cl)=O,-0.1652596047701389
CC1CN(C(OC(C)(C)C)=O)CC(C)N1.CCCCC(CC)C(Cl)=O,0.1282437657189425
N#CCCNc1ccccc1.CCCCC(CC)C(Cl)=O,0.2339702301872099
Nc1ccccc1F.CCCCC(CC)C(Cl)=O,-0.0226724451781345
COc1cccc(N)c1.CCCCC(CC)C(Cl)=O,1.0223495237011908
Nc1ccc(cc1)C(=O)c2ccccc2.CCCCC(CC)C(Cl)=O,-0.4403186072706373
FC1=CC=C(OC2=CC=C(N)C=C2)C=C1.CCCCC(CC)C(Cl)=O,2.292691745484217
C[C@@H](NCCCC1=CC(C(F)(F)F)=CC=C1)C2=CC=CC3=CC=CC=C32.CCCCC(CC)C(Cl)=O,0.568201724066995
CC(N)(C)C.Cc1ccccc1C(Cl)=O,0.5901081668953244
Nc1ccc(F)cc1.Cc1ccccc1C(Cl)=O,1.330073426511114
COc1ccc(N)cc1.Cc1ccccc1C(Cl)=O,2.4819435620504597
Nc1ccccc1.Cc1ccccc1C(Cl)=O,1.2420753141919754
Nc1c(C)cc(C)cc1C.Cc1ccccc1C(Cl)=O,1.2687023429386317
CCCCCCCc1ccc(N)cc1.Cc1ccccc1C(Cl)=O,1.7574988907994369
CC(C)c1cccc(C(C)C)c1N.Cc1ccccc1C(Cl)=O,0.759423076541984
C1CCC(CC1)NC2CCCCC2.Cc1ccccc1C(Cl)=O,1.2888975940771148
CCCCCCc1ccc(N)cc1.Cc1ccccc1C(Cl)=O,1.6870968198241831
CSc1ccccc1N.Cc1ccccc1C(Cl)=O,0.6872518347600378
Nc1ccccc1c2ccccc2.Cc1ccccc1C(Cl)=O,0.6731383881804288
CC(C)(C)c1ccc(N)cc1.Cc1ccccc1C(Cl)=O,1.5723397456232904
CC(C)NC(C)C.Cc1ccccc1C(Cl)=O,0.91713166081777
Nc1ccc(Br)cc1.Cc1ccccc1C(Cl)=O,0.5967495797724865
CC1CCCCN1.Cc1ccccc1C(Cl)=O,3.069421408635089
Nc1cccc2cccnc12.Cc1ccccc1C(Cl)=O,0.8537025129125366
CC(=O)c1cccc(N)c1.Cc1ccccc1C(Cl)=O,0.6816984822133668
COc1ccc(cc1N)C(F)(F)F.Cc1ccccc1C(Cl)=O,0.6576764469058741
COCCOc1ccccc1N.Cc1ccccc1C(Cl)=O,1.4777529558627986
CCC(N)CC.Cc1ccccc1C(Cl)=O,3.266133203484449
CC1CCCC(C)N1.Cc1ccccc1C(Cl)=O,0.8091437671541825
Nc1ccc(C=C)cc1.Cc1ccccc1C(Cl)=O,0.7687163840955588
Cc1ccc(N)cc1.Cc1ccccc1C(Cl)=O,1.806489741825652
Cc1cccc(N)c1.Cc1ccccc1C(Cl)=O,1.4667733230068671
CC(C)NC1CCCCC1.Cc1ccccc1C(Cl)=O,0.7436992204268281
COc1ccccc1N.Cc1ccccc1C(Cl)=O,1.5182729094496246
NC(c1ccccc1)(c2ccccc2)c3ccccc3.Cc1ccccc1C(Cl)=O,0.5573692224372574
Cc1cccc(C)c1N.Cc1ccccc1C(Cl)=O,0.5818584889258636
CC1CN(C(OC(C)(C)C)=O)CC(C)N1.Cc1ccccc1C(Cl)=O,0.9412536760256474
N#CCCNc1ccccc1.Cc1ccccc1C(Cl)=O,0.5434510396315341
Nc1ccccc1F.Cc1ccccc1C(Cl)=O,0.5765235638275839
COc1cccc(N)c1.Cc1ccccc1C(Cl)=O,1.1745448409320502
Nc1ccc(cc1)C(=O)c2ccccc2.Cc1ccccc1C(Cl)=O,0.7404554512842622
FC1=CC=C(OC2=CC=C(N)C=C2)C=C1.Cc1ccccc1C(Cl)=O,1.4926073585866075
CC(N)(C)C.CCc1ccc(cc1)C(Cl)=O,0.6419150127158548
Nc1ccc(F)cc1.CCc1ccc(cc1)C(Cl)=O,1.0984902847939049
COc1ccc(N)cc1.CCc1ccc(cc1)C(Cl)=O,2.3886581738060277
Nc1ccccc1.CCc1ccc(cc1)C(Cl)=O,1.0244355875383513
Nc1c(C)cc(C)cc1C.CCc1ccc(cc1)C(Cl)=O,1.0429925789458998
CCCCCCCc1ccc(N)cc1.CCc1ccc(cc1)C(Cl)=O,1.6266162600066298
CC(C)c1cccc(C(C)C)c1N.CCc1ccc(cc1)C(Cl)=O,0.7060532243129963
C1CCC(CC1)NC2CCCCC2.CCc1ccc(cc1)C(Cl)=O,1.0411797007258066
CCCCCCc1ccc(N)cc1.CCc1ccc(cc1)C(Cl)=O,1.5977576442765933
CSc1ccccc1N.CCc1ccc(cc1)C(Cl)=O,0.7780935899101881
Nc1ccccc1c2ccccc2.CCc1ccc(cc1)C(Cl)=O,0.6301495305245376
CC(C)(C)c1ccc(N)cc1.CCc1ccc(cc1)C(Cl)=O,1.5116588094376506
CC(C)NC(C)C.CCc1ccc(cc1)C(Cl)=O,0.9510638879093596
Nc1ccc(Br)cc1.CCc1ccc(cc1)C(Cl)=O,0.6229900681892631
CC1CCCCN1.CCc1ccc(cc1)C(Cl)=O,3.3113299523037933
Nc1cccc2cccnc12.CCc1ccc(cc1)C(Cl)=O,0.7839841982743795
CC(=O)c1cccc(N)c1.CCc1ccc(cc1)C(Cl)=O,0.6946701965476993
COc1ccc(cc1N)C(F)(F)F.CCc1ccc(cc1)C(Cl)=O,0.658058370175874
COCCOc1ccccc1N.CCc1ccc(cc1)C(Cl)=O,1.2566045977672613
CCC(N)CC.CCc1ccc(cc1)C(Cl)=O,3.709269960975831
CC1CCCC(C)N1.CCc1ccc(cc1)C(Cl)=O,1.287015575082196
Nc1ccc(C=C)cc1.CCc1ccc(cc1)C(Cl)=O,0.7866188108734334
Cc1ccc(N)cc1.CCc1ccc(cc1)C(Cl)=O,1.6092897929497545
Cc1cccc(N)c1.CCc1ccc(cc1)C(Cl)=O,1.3150635749094497
CC(C)NC1CCCCC1.CCc1ccc(cc1)C(Cl)=O,1.087996160941152
COc1ccccc1N.CCc1ccc(cc1)C(Cl)=O,1.228117911294735
NC(c1ccccc1)(c2ccccc2)c3ccccc3.CCc1ccc(cc1)C(Cl)=O,0.9446715368888052
Cc1cccc(C)c1N.CCc1ccc(cc1)C(Cl)=O,1.0307544687706076
CC1CN(C(OC(C)(C)C)=O)CC(C)N1.CCc1ccc(cc1)C(Cl)=O,0.9526381018357194
N#CCCNc1ccccc1.CCc1ccc(cc1)C(Cl)=O,0.8692897127763551
Nc1ccccc1F.CCc1ccc(cc1)C(Cl)=O,0.8248010241245892
COc1cccc(N)c1.CCc1ccc(cc1)C(Cl)=O,0.9748032713839356
Nc1ccc(cc1)C(=O)c2ccccc2.CCc1ccc(cc1)C(Cl)=O,0.9123357931437144
FC1=CC=C(OC2=CC=C(N)C=C2)C=C1.CCc1ccc(cc1)C(Cl)=O,1.2177470732627935
CC(N)(C)C.CCCCCCCCCCCC(Cl)=O,2.3290587191963663
Nc1ccc(F)cc1.CCCCCCCCCCCC(Cl)=O,2.727281563851949
COc1ccc(N)cc1.CCCCCCCCCCCC(Cl)=O,3.709269960975831
Nc1ccccc1.CCCCCCCCCCCC(Cl)=O,2.7785085474146007
Nc1c(C)cc(C)cc1C.CCCCCCCCCCCC(Cl)=O,2.694521702311905
CCCCCCCc1ccc(N)cc1.CCCCCCCCCCCC(Cl)=O,3.1449985304241705
CC(C)c1cccc(C(C)C)c1N.CCCCCCCCCCCC(Cl)=O,2.575467763987256
C1CCC(CC1)NC2CCCCC2.CCCCCCCCCCCC(Cl)=O,2.604813540756292
CCCCCCc1ccc(N)cc1.CCCCCCCCCCCC(Cl)=O,3.0988763882282138
CSc1ccccc1N.CCCCCCCCCCCC(Cl)=O,2.5286958218213367
Nc1ccccc1c2ccccc2.CCCCCCCCCCCC(Cl)=O,2.478350584156163
CC(C)(C)c1ccc(N)cc1.CCCCCCCCCCCC(Cl)=O,3.218034497123711
CC(C)NC(C)C.CCCCCCCCCCCC(Cl)=O,2.3943155740252497
Nc1ccc(Br)cc1.CCCCCCCCCCCC(Cl)=O,2.523417983611654
Nc1cccc2cccnc12.CCCCCCCCCCCC(Cl)=O,2.887978585975921
CC(=O)c1cccc(N)c1.CCCCCCCCCCCC(Cl)=O,2.385116875850664
COc1ccc(cc1N)C(F)(F)F.CCCCCCCCCCCC(Cl)=O,2.392599893246516
COCCOc1ccccc1N.CCCCCCCCCCCC(Cl)=O,3.3343712563178274
CC1CCCC(C)N1.CCCCCCCCCCCC(Cl)=O,2.3687475457967606
Nc1ccc(C=C)cc1.CCCCCCCCCCCC(Cl)=O,2.741185072917323
Cc1ccc(N)cc1.CCCCCCCCCCCC(Cl)=O,3.05605744728531
Cc1cccc(N)c1.CCCCCCCCCCCC(Cl)=O,2.984637966300973
CC(C)NC1CCCCC1.CCCCCCCCCCCC(Cl)=O,2.630088714962135
COc1ccccc1N.CCCCCCCCCCCC(Cl)=O,2.9689072714773457
NC(c1ccccc1)(c2ccccc2)c3ccccc3.CCCCCCCCCCCC(Cl)=O,2.2995988567606287
Cc1cccc(C)c1N.CCCCCCCCCCCC(Cl)=O,2.5030998038174817
CC1CN(C(OC(C)(C)C)=O)CC(C)N1.CCCCCCCCCCCC(Cl)=O,2.3702012380467807
N#CCCNc1ccccc1.CCCCCCCCCCCC(Cl)=O,2.7108754876943792
Nc1ccccc1F.CCCCCCCCCCCC(Cl)=O,2.633591108774496
COc1cccc(N)c1.CCCCCCCCCCCC(Cl)=O,2.6943522997719
Nc1ccc(cc1)C(=O)c2ccccc2.CCCCCCCCCCCC(Cl)=O,2.2995988567606287
FC1=CC=C(OC2=CC=C(N)C=C2)C=C1.CCCCCCCCCCCC(Cl)=O,2.7431282282261957
CC(N)(C)C.CC(C)C(Cl)=O,0.9815145254429944
Nc1ccc(F)cc1.CC(C)C(Cl)=O,2.498862553450095
COc1ccc(N)cc1.CC(C)C(Cl)=O,3.3113299523037933
Nc1ccccc1.CC(C)C(Cl)=O,2.401146872858973
Nc1c(C)cc(C)cc1C.CC(C)C(Cl)=O,1.7855056453984408
CCCCCCCc1ccc(N)cc1.CC(C)C(Cl)=O,2.9082343098208767
CC(C)c1cccc(C(C)C)c1N.CC(C)C(Cl)=O,1.2474511350419524
C1CCC(CC1)NC2CCCCC2.CC(C)C(Cl)=O,1.280673800419742
CCCCCCc1ccc(N)cc1.CC(C)C(Cl)=O,2.9913819624444318
CSc1ccccc1N.CC(C)C(Cl)=O,1.5933467186568535
Nc1ccccc1c2ccccc2.CC(C)C(Cl)=O,1.8075453743013496
CC(C)(C)c1ccc(N)cc1.CC(C)C(Cl)=O,2.8383646573359003
CC(C)NC(C)C.CC(C)C(Cl)=O,1.330276383463315
Nc1ccc(Br)cc1.CC(C)C(Cl)=O,1.580355217528206
Nc1cccc2cccnc12.CC(C)C(Cl)=O,2.6283379486521325
CC(=O)c1cccc(N)c1.CC(C)C(Cl)=O,1.53681900836896
COc1ccc(cc1N)C(F)(F)F.CC(C)C(Cl)=O,1.3335232740160754
COCCOc1ccccc1N.CC(C)C(Cl)=O,3.066465001835441
CC1CCCC(C)N1.CC(C)C(Cl)=O,1.2751832136985095
Nc1ccc(C=C)cc1.CC(C)C(Cl)=O,2.296430052885805
Cc1ccc(N)cc1.CC(C)C(Cl)=O,2.969434008357016
Cc1cccc(N)c1.CC(C)C(Cl)=O,2.5446461213340767
CC(C)NC1CCCCC1.CC(C)C(Cl)=O,1.8728814687929032
COc1ccccc1N.CC(C)C(Cl)=O,2.6799549823963686
NC(c1ccccc1)(c2ccccc2)c3ccccc3.CC(C)C(Cl)=O,1.384173720829773
Cc1cccc(C)c1N.CC(C)C(Cl)=O,1.246252798817258
CC1CN(C(OC(C)(C)C)=O)CC(C)N1.CC(C)C(Cl)=O,1.4120375559113283
N#CCCNc1ccccc1.CC(C)C(Cl)=O,1.3625424068356329
Nc1ccccc1F.CC(C)C(Cl)=O,1.360694907343578
COc1cccc(N)c1.CC(C)C(Cl)=O,2.2905482653834026
Nc1ccc(cc1)C(=O)c2ccccc2.CC(C)C(Cl)=O,1.4416188404409491
FC1=CC=C(OC2=CC=C(N)C=C2)C=C1.CC(C)C(Cl)=O,2.4420982326406757
CC(N)(C)C.ClC(C=Cc1ccccc1)=O,3.4216039268698317
Nc1ccc(F)cc1.ClC(C=Cc1ccccc1)=O,2.6213170921260804
COc1ccc(N)cc1.ClC(C=Cc1ccccc1)=O,2.9720520678557283
Nc1ccccc1.ClC(C=Cc1ccccc1)=O,2.653691683808109
Nc1c(C)cc(C)cc1C.ClC(C=Cc1ccccc1)=O,2.666261178856685
CCCCCCCc1ccc(N)cc1.ClC(C=Cc1ccccc1)=O,2.653691683808109
CC(C)c1cccc(C(C)C)c1N.ClC(C=Cc1ccccc1)=O,2.2601151698206228
C1CCC(CC1)NC2CCCCC2.ClC(C=Cc1ccccc1)=O,2.2601151698206228
CCCCCCc1ccc(N)cc1.ClC(C=Cc1ccccc1)=O,2.873864732304265
CSc1ccccc1N.ClC(C=Cc1ccccc1)=O,2.2522709992759604
Nc1ccccc1c2ccccc2.ClC(C=Cc1ccccc1)=O,2.3895611576163285
CC(C)(C)c1ccc(N)cc1.ClC(C=Cc1ccccc1)=O,2.530457521735259
CC(C)NC(C)C.ClC(C=Cc1ccccc1)=O,2.45555686322914
Nc1ccc(Br)cc1.ClC(C=Cc1ccccc1)=O,2.775963959878715
Nc1cccc2cccnc12.ClC(C=Cc1ccccc1)=O,2.512022706393493
CC(=O)c1cccc(N)c1.ClC(C=Cc1ccccc1)=O,2.7755363858548385
COc1ccc(cc1N)C(F)(F)F.ClC(C=Cc1ccccc1)=O,2.5897109486677974
COCCOc1ccccc1N.ClC(C=Cc1ccccc1)=O,2.48202212273939
CC1CCCC(C)N1.ClC(C=Cc1ccccc1)=O,2.495840754185813
Nc1ccc(C=C)cc1.ClC(C=Cc1ccccc1)=O,2.9102270318215737
Cc1ccc(N)cc1.ClC(C=Cc1ccccc1)=O,2.3118349553304176
Cc1cccc(N)c1.ClC(C=Cc1ccccc1)=O,2.2255181274067444
CC(C)NC1CCCCC1.ClC(C=Cc1ccccc1)=O,2.248025468365446
COc1ccccc1N.ClC(C=Cc1ccccc1)=O,2.3118349553304176
NC(c1ccccc1)(c2ccccc2)c3ccccc3.ClC(C=Cc1ccccc1)=O,2.5941351278752074
Cc1cccc(C)c1N.ClC(C=Cc1ccccc1)=O,2.5490554640294274
CC1CN(C(OC(C)(C)C)=O)CC(C)N1.ClC(C=Cc1ccccc1)=O,2.233148233611717
N#CCCNc1ccccc1.ClC(C=Cc1ccccc1)=O,2.51814599532562
Nc1ccccc1F.ClC(C=Cc1ccccc1)=O,2.355799116574243
COc1cccc(N)c1.ClC(C=Cc1ccccc1)=O,2.1064591549925407
Nc1ccc(cc1)C(=O)c2ccccc2.ClC(C=Cc1ccccc1)=O,2.7297916280812835
FC1=CC=C(OC2=CC=C(N)C=C2)C=C1.ClC(C=Cc1ccccc1)=O,2.2179082670821817
Nc1ccc(F)cc1.ClC(=O)c1ccc(Br)cc1,1.5148444814529032
COc1ccc(N)cc1.ClC(=O)c1ccc(Br)cc1,2.474336030933628
Nc1ccccc1.ClC(=O)c1ccc(Br)cc1,1.5108609690053874
Nc1c(C)cc(C)cc1C.ClC(=O)c1ccc(Br)cc1,1.5331334267355727
CCCCCCCc1ccc(N)cc1.ClC(=O)c1ccc(Br)cc1,1.989868385507637
CC(C)c1cccc(C(C)C)c1N.ClC(=O)c1ccc(Br)cc1,1.3277300687266198
C1CCC(CC1)NC2CCCCC2.ClC(=O)c1ccc(Br)cc1,1.427533001928914
CCCCCCc1ccc(N)cc1.ClC(=O)c1ccc(Br)cc1,1.965612612879596
CSc1ccccc1N.ClC(=O)c1ccc(Br)cc1,1.2015315351419296
Nc1ccccc1c2ccccc2.ClC(=O)c1ccc(Br)cc1,1.2815102455804483
CC(C)(C)c1ccc(N)cc1.ClC(=O)c1ccc(Br)cc1,1.7443291598329915
CC(C)NC(C)C.ClC(=O)c1ccc(Br)cc1,1.2858859662437885
Nc1ccc(Br)cc1.ClC(=O)c1ccc(Br)cc1,0.6537229451686326
Nc1cccc2cccnc12.ClC(=O)c1ccc(Br)cc1,1.2921489309878518
CC(=O)c1cccc(N)c1.ClC(=O)c1ccc(Br)cc1,1.2739134723186225
COc1ccc(cc1N)C(F)(F)F.ClC(=O)c1ccc(Br)cc1,1.2263562633976204
COCCOc1ccccc1N.ClC(=O)c1ccc(Br)cc1,1.871960690102045
CC1CCCC(C)N1.ClC(=O)c1ccc(Br)cc1,0.850464602635214
Nc1ccc(C=C)cc1.ClC(=O)c1ccc(Br)cc1,1.1712235147949606
Cc1ccc(N)cc1.ClC(=O)c1ccc(Br)cc1,2.057380247507426
Cc1cccc(N)c1.ClC(=O)c1ccc(Br)cc1,1.903859235768654
CC(C)NC1CCCCC1.ClC(=O)c1ccc(Br)cc1,1.9020320218462023
COc1ccccc1N.ClC(=O)c1ccc(Br)cc1,1.8506148235915283
NC(c1ccccc1)(c2ccccc2)c3ccccc3.ClC(=O)c1ccc(Br)cc1,1.433886504141621
Cc1cccc(C)c1N.ClC(=O)c1ccc(Br)cc1,1.3754123588981984
CC1CN(C(OC(C)(C)C)=O)CC(C)N1.ClC(=O)c1ccc(Br)cc1,1.3881801713039188
N#CCCNc1ccccc1.ClC(=O)c1ccc(Br)cc1,1.380796938939605
Nc1ccccc1F.ClC(=O)c1ccc(Br)cc1,1.4302217442283545
COc1cccc(N)c1.ClC(=O)c1ccc(Br)cc1,1.485857624851429
Nc1ccc(cc1)C(=O)c2ccccc2.ClC(=O)c1ccc(Br)cc1,1.510399246706866
FC1=CC=C(OC2=CC=C(N)C=C2)C=C1.ClC(=O)c1ccc(Br)cc1,1.7214028733537714
CC(N)(C)C.COc1cc(cc(OC)c1OC)C(Cl)=O,3.709269960975831
Nc1ccc(F)cc1.COc1cc(cc(OC)c1OC)C(Cl)=O,0.9915562456448116
COc1ccc(N)cc1.COc1cc(cc(OC)c1OC)C(Cl)=O,2.2394891820746103
Nc1ccccc1.COc1cc(cc(OC)c1OC)C(Cl)=O,0.8985540390273906
Nc1c(C)cc(C)cc1C.COc1cc(cc(OC)c1OC)C(Cl)=O,0.955891114540386
CCCCCCCc1ccc(N)cc1.COc1cc(cc(OC)c1OC)C(Cl)=O,1.4540944848435775
CC(C)c1cccc(C(C)C)c1N.COc1cc(cc(OC)c1OC)C(Cl)=O,0.5368069405421838
C1CCC(CC1)NC2CCCCC2.COc1cc(cc(OC)c1OC)C(Cl)=O,0.872064584846081
CCCCCCc1ccc(N)cc1.COc1cc(cc(OC)c1OC)C(Cl)=O,1.5668052393883394
CSc1ccccc1N.COc1cc(cc(OC)c1OC)C(Cl)=O,0.5206134954699498
Nc1ccccc1c2ccccc2.COc1cc(cc(OC)c1OC)C(Cl)=O,0.5876719794478007
CC(C)(C)c1ccc(N)cc1.COc1cc(cc(OC)c1OC)C(Cl)=O,1.5812009221432612
CC(C)NC(C)C.COc1cc(cc(OC)c1OC)C(Cl)=O,0.6725059187836467
Nc1ccc(Br)cc1.COc1cc(cc(OC)c1OC)C(Cl)=O,0.5089916825016751
CC1CCCCN1.COc1cc(cc(OC)c1OC)C(Cl)=O,3.740678425227455
Nc1cccc2cccnc12.COc1cc(cc(OC)c1OC)C(Cl)=O,0.8734256268112959
CC(=O)c1cccc(N)c1.COc1cc(cc(OC)c1OC)C(Cl)=O,0.5182343363835143
C1COCCN1.COc1cc(cc(OC)c1OC)C(Cl)=O,3.4082399653118496
COc1ccc(cc1N)C(F)(F)F.COc1cc(cc(OC)c1OC)C(Cl)=O,0.5532451266708303
COCCOc1ccccc1N.COc1cc(cc(OC)c1OC)C(Cl)=O,1.3715448652764546
CC1CCCC(C)N1.COc1cc(cc(OC)c1OC)C(Cl)=O,0.6736014278527503
Nc1ccc(C=C)cc1.COc1cc(cc(OC)c1OC)C(Cl)=O,0.9327720927665636
Cc1ccc(N)cc1.COc1cc(cc(OC)c1OC)C(Cl)=O,1.633697757868241
Cc1cccc(N)c1.COc1cc(cc(OC)c1OC)C(Cl)=O,1.2298680254204153
CC(C)NC1CCCCC1.COc1cc(cc(OC)c1OC)C(Cl)=O,1.303974376272615
COc1ccccc1N.COc1cc(cc(OC)c1OC)C(Cl)=O,1.2389576379743945
NC(c1ccccc1)(c2ccccc2)c3ccccc3.COc1cc(cc(OC)c1OC)C(Cl)=O,0.5614621836353287
Cc1cccc(C)c1N.COc1cc(cc(OC)c1OC)C(Cl)=O,0.599145450035822
CC1CN(C(OC(C)(C)C)=O)CC(C)N1.COc1cc(cc(OC)c1OC)C(Cl)=O,0.9556350902857764
N#CCCNc1ccccc1.COc1cc(cc(OC)c1OC)C(Cl)=O,0.558379111216034
Nc1ccccc1F.COc1cc(cc(OC)c1OC)C(Cl)=O,0.5858216293840759
COc1cccc(N)c1.COc1cc(cc(OC)c1OC)C(Cl)=O,0.9159956869487662
Nc1ccc(cc1)C(=O)c2ccccc2.COc1cc(cc(OC)c1OC)C(Cl)=O,0.6284492951381558
FC1=CC=C(OC2=CC=C(N)C=C2)C=C1.COc1cc(cc(OC)c1OC)C(Cl)=O,1.1028544587058955
Nc1ccc(F)cc1.[O-][N+](=O)c1ccc(cc1)C(Cl)=O,2.4141403401457544
Nc1ccccc1.[O-][N+](=O)c1ccc(cc1)C(Cl)=O,2.435451093361703
Nc1c(C)cc(C)cc1C.[O-][N+](=O)c1ccc(cc1)C(Cl)=O,2.397697747416052
CCCCCCCc1ccc(N)cc1.[O-][N+](=O)c1ccc(cc1)C(Cl)=O,2.95827095664814
CC(C)c1cccc(C(C)C)c1N.[O-][N+](=O)c1ccc(cc1)C(Cl)=O,2.0970258034104488
C1CCC(CC1)NC2CCCCC2.[O-][N+](=O)c1ccc(cc1)C(Cl)=O,2.287979491020097
CCCCCCc1ccc(N)cc1.[O-][N+](=O)c1ccc(cc1)C(Cl)=O,3.0585180456561325
CSc1ccccc1N.[O-][N+](=O)c1ccc(cc1)C(Cl)=O,1.9381969371091043
Nc1ccccc1c2ccccc2.[O-][N+](=O)c1ccc(cc1)C(Cl)=O,2.314406268058956
CC(C)(C)c1ccc(N)cc1.[O-][N+](=O)c1ccc(cc1)C(Cl)=O,3.1652019166679666
CC(C)NC(C)C.[O-][N+](=O)c1ccc(cc1)C(Cl)=O,2.5749436926484166
Nc1ccc(Br)cc1.[O-][N+](=O)c1ccc(cc1)C(Cl)=O,2.200453031988061
Nc1cccc2cccnc12.[O-][N+](=O)c1ccc(cc1)C(Cl)=O,2.6246441696706047
CC(=O)c1cccc(N)c1.[O-][N+](=O)c1ccc(cc1)C(Cl)=O,2.2142191119884456
COc1ccc(cc1N)C(F)(F)F.[O-][N+](=O)c1ccc(cc1)C(Cl)=O,2.164431967514264
COCCOc1ccccc1N.[O-][N+](=O)c1ccc(cc1)C(Cl)=O,3.1426822877435594
CC1CCCC(C)N1.[O-][N+](=O)c1ccc(cc1)C(Cl)=O,2.5863391945082097
Nc1ccc(C=C)cc1.[O-][N+](=O)c1ccc(cc1)C(Cl)=O,2.5993424416228312
Cc1cccc(N)c1.[O-][N+](=O)c1ccc(cc1)C(Cl)=O,2.573050214011414
CC(C)NC1CCCCC1.[O-][N+](=O)c1ccc(cc1)C(Cl)=O,2.1510706562326827
COc1ccccc1N.[O-][N+](=O)c1ccc(cc1)C(Cl)=O,2.8424379800692083
NC(c1ccccc1)(c2ccccc2)c3ccccc3.[O-][N+](=O)c1ccc(cc1)C(Cl)=O,1.8521822524498643
Cc1cccc(C)c1N.[O-][N+](=O)c1ccc(cc1)C(Cl)=O,1.9204060157232512
CC1CN(C(OC(C)(C)C)=O)CC(C)N1.[O-][N+](=O)c1ccc(cc1)C(Cl)=O,2.431209567716288
N#CCCNc1ccccc1.[O-][N+](=O)c1ccc(cc1)C(Cl)=O,1.872870043290321
Nc1ccccc1F.[O-][N+](=O)c1ccc(cc1)C(Cl)=O,1.8006027991330371
COc1cccc(N)c1.[O-][N+](=O)c1ccc(cc1)C(Cl)=O,2.1545112532738027
Nc1ccc(cc1)C(=O)c2ccccc2.[O-][N+](=O)c1ccc(cc1)C(Cl)=O,1.7441329238616667
FC1=CC=C(OC2=CC=C(N)C=C2)C=C1.[O-][N+](=O)c1ccc(cc1)C(Cl)=O,2.84713858166483
CC(N)(C)C.ClC(=O)C12CC3CC(CC(C3)C1)C2,3.573050214011414
Nc1ccc(F)cc1.ClC(=O)C12CC3CC(CC(C3)C1)C2,1.8205645467740696
COc1ccc(N)cc1.ClC(=O)C12CC3CC(CC(C3)C1)C2,3.0421763746745856
Nc1ccccc1.ClC(=O)C12CC3CC(CC(C3)C1)C2,1.624195848354401
Nc1c(C)cc(C)cc1C.ClC(=O)C12CC3CC(CC(C3)C1)C2,0.5151919165915563
CCCCCCCc1ccc(N)cc1.ClC(=O)C12CC3CC(CC(C3)C1)C2,2.136694367630788
CC(C)c1cccc(C(C)C)c1N.ClC(=O)C12CC3CC(CC(C3)C1)C2,0.533401618909383
C1CCC(CC1)NC2CCCCC2.ClC(=O)C12CC3CC(CC(C3)C1)C2,0.5848493151229608
CCCCCCc1ccc(N)cc1.ClC(=O)C12CC3CC(CC(C3)C1)C2,2.163656788745917
CSc1ccccc1N.ClC(=O)C12CC3CC(CC(C3)C1)C2,0.7759291121726216
Nc1ccccc1c2ccccc2.ClC(=O)C12CC3CC(CC(C3)C1)C2,1.2545749860991204
CC(C)(C)c1ccc(N)cc1.ClC(=O)C12CC3CC(CC(C3)C1)C2,2.2252730437682056
CC(C)NC(C)C.ClC(=O)C12CC3CC(CC(C3)C1)C2,0.5753737696747265
Nc1ccc(Br)cc1.ClC(=O)C12CC3CC(CC(C3)C1)C2,0.9868155898397892
CC1CCCCN1.ClC(=O)C12CC3CC(CC(C3)C1)C2,1.0075680388849992
Nc1cccc2cccnc12.ClC(=O)C12CC3CC(CC(C3)C1)C2,2.0103712611764526
CC(=O)c1cccc(N)c1.ClC(=O)C12CC3CC(CC(C3)C1)C2,1.0579648356784532
C1COCCN1.ClC(=O)C12CC3CC(CC(C3)C1)C2,3.885361220031512
COc1ccc(cc1N)C(F)(F)F.ClC(=O)C12CC3CC(CC(C3)C1)C2,0.8476431001273326
COCCOc1ccccc1N.ClC(=O)C12CC3CC(CC(C3)C1)C2,2.3522569774040427
CC1CCCC(C)N1.ClC(=O)C12CC3CC(CC(C3)C1)C2,0.9004881774084937
Nc1ccc(C=C)cc1.ClC(=O)C12CC3CC(CC(C3)C1)C2,1.7370077112103666
Cc1ccc(N)cc1.ClC(=O)C12CC3CC(CC(C3)C1)C2,2.148108009150059
Cc1cccc(N)c1.ClC(=O)C12CC3CC(CC(C3)C1)C2,1.7576731257149902
CC(C)NC1CCCCC1.ClC(=O)C12CC3CC(CC(C3)C1)C2,0.6501706109610196
COc1ccccc1N.ClC(=O)C12CC3CC(CC(C3)C1)C2,1.9630455898230348
NC(c1ccccc1)(c2ccccc2)c3ccccc3.ClC(=O)C12CC3CC(CC(C3)C1)C2,0.7442320360623571
Cc1cccc(C)c1N.ClC(=O)C12CC3CC(CC(C3)C1)C2,-0.2207616542628623
CC1CN(C(OC(C)(C)C)=O)CC(C)N1.ClC(=O)C12CC3CC(CC(C3)C1)C2,0.8391644082896069
N#CCCNc1ccccc1.ClC(=O)C12CC3CC(CC(C3)C1)C2,0.7448721287431421
Nc1ccccc1F.ClC(=O)C12CC3CC(CC(C3)C1)C2,0.5083638146704311
COc1cccc(N)c1.ClC(=O)C12CC3CC(CC(C3)C1)C2,1.551697944707808
Nc1ccc(cc1)C(=O)c2ccccc2.ClC(=O)C12CC3CC(CC(C3)C1)C2,1.1249387364997263
FC1=CC=C(OC2=CC=C(N)C=C2)C=C1.ClC(=O)C12CC3CC(CC(C3)C1)C2,1.7133246983871142
Nc1ccc(F)cc1.O=C(Cl)CC1=CC=CC=C1,2.828453654346045
CC(N)(C)C.ClC(C(CC)CC)=O,-0.2024201980494644
Nc1ccc(F)cc1.ClC(C(CC)CC)=O,1.244920043912454
FC1=CC=C(OC2=CC=C(N)C=C2)C=C1.ClC(C(CC)CC)=O,1.4926067528741174
NC1=CC=C(N2CCOCC2)C=C1.ClC(C(CC)CC)=O,3.199964022950016
NC1=CC(C2=CC=CC=C2)=CC=C1.ClC(C(CC)CC)=O,1.022753674467964
NC1=C(OC2=CC=CC=C2)C=CC=C1.ClC(C(CC)CC)=O,0.941795726223862
NC1=CC=CC(C#C)=C1.ClC(C(CC)CC)=O,0.5340911893503608
NC1=CC(CCC2)=C2C=C1.ClC(C(CC)CC)=O,1.9797705239665928
NC1=CC2=C(OCCO2)C=C1.ClC(C(CC)CC)=O,2.103066625716537
ClC1=CC(OC)=C(N)C=C1OC.ClC(C(CC)CC)=O,1.2022355800503588
NC1=CC2=C(C=C1)C3=CC=CC=C3C2.ClC(C(CC)CC)=O,1.5341341714903955
NC1=CC=C(OC2=CC=CC=C2)C=C1.ClC(C(CC)CC)=O,1.5000916313088588
NC1=C(N2CCOCC2)C=CC=C1.ClC(C(CC)CC)=O,1.0711147070056954
CC(N)(C)C.ClC(C1=CC=CC=C1C(F)(F)F)=O,1.6020599913279625
Nc1ccc(F)cc1.ClC(C1=CC=CC=C1C(F)(F)F)=O,0.9927302039541428
FC1=CC=C(OC2=CC=C(N)C=C2)C=C1.ClC(C1=CC=CC=C1C(F)(F)F)=O,1.3012253842217083
ClC(C=C1)=CC=C1C(N2CCNCC2)C3=CC=CC=C3.ClC(C1=CC=CC=C1C(F)(F)F)=O,3.584331224367531
NC1=CC=C(N2CCOCC2)C=C1.ClC(C1=CC=CC=C1C(F)(F)F)=O,2.715421396014224
NC1=CC(C2=CC=CC=C2)=CC=C1.ClC(C1=CC=CC=C1C(F)(F)F)=O,0.925932948625208
NC1=C(OC2=CC=CC=C2)C=CC=C1.ClC(C1=CC=CC=C1C(F)(F)F)=O,0.7698882159172746
NC1=CC=CC(C#C)=C1.ClC(C1=CC=CC=C1C(F)(F)F)=O,0.7210224733453493
NC1=CC(CCC2)=C2C=C1.ClC(C1=CC=CC=C1C(F)(F)F)=O,1.8403357894803336
NC1=CC2=C(OCCO2)C=C1.ClC(C1=CC=CC=C1C(F)(F)F)=O,2.233847161622068
ClC1=CC(OC)=C(N)C=C1OC.ClC(C1=CC=CC=C1C(F)(F)F)=O,0.831680149915901
NC1=CC2=C(C=C1)C3=CC=CC=C3C2.ClC(C1=CC=CC=C1C(F)(F)F)=O,1.338488754310622
NC1=CC=C(OC2=CC=CC=C2)C=C1.ClC(C1=CC=CC=C1C(F)(F)F)=O,1.3991829933301867
NC1=C(N2CCOCC2)C=CC=C1.ClC(C1=CC=CC=C1C(F)(F)F)=O,1.1130433730746006
Nc1ccc(F)cc1.ClC(CCC1=CC=CC=C1)=O,2.9146038671328265
CC(N)(C)C.ClC(C1CCCC1)=O,0.9904385159779736
Nc1ccc(F)cc1.ClC(C1CCCC1)=O,2.585153794840684
NC1=CC(C2=CC=CC=C2)=CC=C1.ClC(C1CCCC1)=O,2.619128020078996
NC1=C(OC2=CC=CC=C2)C=CC=C1.ClC(C1CCCC1)=O,2.4725757582433103
NC1=CC=CC(C#C)=C1.ClC(C1CCCC1)=O,1.8403357894803336
NC1=CC(CCC2)=C2C=C1.ClC(C1CCCC1)=O,2.590260251342534
NC1=CC2=C(OCCO2)C=C1.ClC(C1CCCC1)=O,2.7542103403442044
ClC1=CC(OC)=C(N)C=C1OC.ClC(C1CCCC1)=O,2.822646495400781
NC1=CC2=C(C=C1)C3=CC=CC=C3C2.ClC(C1CCCC1)=O,3.491214200317606
NC1=CC=C(OC2=CC=CC=C2)C=C1.ClC(C1CCCC1)=O,3.182710732047363
NC1=C(N2CCOCC2)C=CC=C1.ClC(C1CCCC1)=O,2.7915361563978327
CC(N)(C)C.ClC(C1=C(F)C=CC=C1F)=O,0.9589685746470288
Nc1ccc(F)cc1.ClC(C1=C(F)C=CC=C1F)=O,2.3326040662322964
FC1=CC=C(OC2=CC=C(N)C=C2)C=C1.ClC(C1=C(F)C=CC=C1F)=O,3.001819784560039
ClC(C=C1)=CC=C1C(N2CCNCC2)C3=CC=CC=C3.ClC(C1=C(F)C=CC=C1F)=O,3.1072099696478683
NC1=CC=C(N2CCOCC2)C=C1.ClC(C1=C(F)C=CC=C1F)=O,4.010299956639812
NC1=CC(C2=CC=CC=C2)=CC=C1.ClC(C1=C(F)C=CC=C1F)=O,2.47618628237055
NC1=C(OC2=CC=CC=C2)C=CC=C1.ClC(C1=C(F)C=CC=C1F)=O,1.807461552147969
NC1=CC=CC(C#C)=C1.ClC(C1=C(F)C=CC=C1F)=O,1.5905719100955196
NC1=CC(CCC2)=C2C=C1.ClC(C1=C(F)C=CC=C1F)=O,3.3479440633957225
NC1=CC2=C(OCCO2)C=C1.ClC(C1=C(F)C=CC=C1F)=O,3.259071348962243
ClC1=CC(OC)=C(N)C=C1OC.ClC(C1=C(F)C=CC=C1F)=O,2.039719445777308
NC1=CC2=C(C=C1)C3=CC=CC=C3C2.ClC(C1=C(F)C=CC=C1F)=O,3.422717788677691
NC1=CC=C(OC2=CC=CC=C2)C=C1.ClC(C1=C(F)C=CC=C1F)=O,3.550907468934868
NC1=C(N2CCOCC2)C=CC=C1.ClC(C1=C(F)C=CC=C1F)=O,2.790700984105096
Nc1ccc(F)cc1.ClC(C1=CC(Cl)=CC=C1F)=O,2.7578278307736124
Nc1ccc(F)cc1.CCOC1=C(C(Cl)=O)C=CC=C1,2.81630030698894
Nc1ccc(F)cc1.O=C(Cl)COC1=CC=CC=C1,3.709269960975831
Nc1ccc(F)cc1.ClC(CC1=CC=CS1)=O,3.513483956704257
CC(N)(C)C.ClC(C1CCCCC1)=O,0.4559319556280096
Nc1ccc(F)cc1.ClC(C1CCCCC1)=O,2.0685049694854034
FC1=CC=C(OC2=CC=C(N)C=C2)C=C1.ClC(C1CCCCC1)=O,2.2926901488357947
NC1=CC=C(N2CCOCC2)C=C1.ClC(C1CCCCC1)=O,3.798211044337745
NC1=CC(C2=CC=CC=C2)=CC=C1.ClC(C1CCCCC1)=O,2.2001282226344445
NC1=C(OC2=CC=CC=C2)C=CC=C1.ClC(C1CCCCC1)=O,1.7776032446763708
NC1=CC=CC(C#C)=C1.ClC(C1CCCCC1)=O,1.4018048018878402
NC1=CC(CCC2)=C2C=C1.ClC(C1CCCCC1)=O,3.584331224367531
NC1=CC2=C(OCCO2)C=C1.ClC(C1CCCCC1)=O,3.3066420712202915
ClC1=CC(OC)=C(N)C=C1OC.ClC(C1CCCCC1)=O,2.372619822529498
NC1=CC2=C(C=C1)C3=CC=CC=C3C2.ClC(C1CCCCC1)=O,2.7016243191529266
NC1=CC=C(OC2=CC=CC=C2)C=C1.ClC(C1CCCCC1)=O,2.6092452484113675
NC1=C(N2CCOCC2)C=CC=C1.ClC(C1CCCCC1)=O,2.4088947629414843
CC(N)(C)C.ClC(C1CCOCC1)=O,3.266133203484449
Nc1ccc(F)cc1.ClC(C1CCOCC1)=O,2.403069020752977
FC1=CC=C(OC2=CC=C(N)C=C2)C=C1.ClC(C1CCOCC1)=O,2.658553210772513
NC1=CC=C(N2CCOCC2)C=C1.ClC(C1CCOCC1)=O,3.709269960975831
NC1=CC(C2=CC=CC=C2)=CC=C1.ClC(C1CCOCC1)=O,2.356762250347384
NC1=C(OC2=CC=CC=C2)C=CC=C1.ClC(C1CCOCC1)=O,2.3597162585893225
NC1=CC=CC(C#C)=C1.ClC(C1CCOCC1)=O,1.947002624686577
NC1=CC(CCC2)=C2C=C1.ClC(C1CCOCC1)=O,3.505149978319906
NC1=CC2=C(OCCO2)C=C1.ClC(C1CCOCC1)=O,2.630088714962135
ClC1=CC(OC)=C(N)C=C1OC.ClC(C1CCOCC1)=O,2.5548125194467013
NC1=CC2=C(C=C1)C3=CC=CC=C3C2.ClC(C1CCOCC1)=O,3.190184204653625
NC1=CC=C(OC2=CC=CC=C2)C=C1.ClC(C1CCOCC1)=O,3.069718159227601
NC1=C(N2CCOCC2)C=CC=C1.ClC(C1CCOCC1)=O,2.5634602063633034
Nc1ccc(F)cc1.ClC1=CC=C(C(Cl)=O)S1,1.0845294502434684
Nc1ccc(F)cc1.ClC(COCC1=CC=CC=C1)=O,4.0
Nc1ccc(F)cc1.ClC(CC(OC)=O)=O,4.0
